title,published_date,category,rank
ORIGINAL SIN,2025-06-15,political science,1
THE ANXIOUS GENERATION,2025-06-15,psychology,2
THE BODY KEEPS THE SCORE,2025-06-15,medical,3
MARK TWAIN,2025-06-15,biography & autobiography,4
ABUNDANCE,2025-06-15,business & economics,5
APPLE IN CHINA,2025-06-15,business & economics,6
THE FATE OF THE DAY,2025-06-15,history,7
BIG DUMB EYES,2025-06-15,biography & autobiography,8
UNCOMMON FAVOR,2025-06-15,biography & autobiography,9
ON TYRANNY,2025-06-15,political science,10
EVERYTHING IS TUBERCULOSIS,2025-06-15,social science,11
WHEN BREATH BECOMES AIR,2025-06-15,biography & autobiography,12
MY NEXT BREATH,2025-06-15,biography & autobiography,13
EMPIRE OF AI,2025-06-15,technology & engineering,14
THE WAGER,2025-06-15,true crime,15
MATRIARCH,2025-05-11,biography & autobiography,1
ABUNDANCE,2025-05-11,business & economics,2
EVERYTHING IS TUBERCULOSIS,2025-05-11,social science,3
NOTES TO JOHN,2025-05-11,literary collections,4
HOPE,2025-05-11,religion,5
THE ANXIOUS GENERATION,2025-05-11,psychology,6
ON TYRANNY,2025-05-11,political science,7
THE BODY KEEPS THE SCORE,2025-05-11,medical,8
WHO IS GOVERNMENT?,2025-05-11,political science,9
ON DEMOCRACIES AND DEATH CULTS,2025-05-11,history,10
THE PROJECT,2025-05-11,political science,11
GENOCIDE BAD,2025-05-11,political science,12
CARELESS PEOPLE,2025-05-11,biography & autobiography,13
FIGHT,2025-05-11,biography & autobiography,14
THE SERVICEBERRY,2025-05-11,nature,15
EVERYTHING IS TUBERCULOSIS,2025-04-06,social science,1
ABUNDANCE,2025-04-06,business & economics,2
CARELESS PEOPLE,2025-04-06,biography & autobiography,3
RESOLUTE,2025-04-06,biography & autobiography,4
THE TELL,2025-04-06,biography & autobiography,5
WHO IS GOVERNMENT?,2025-04-06,political science,6
THE ANXIOUS GENERATION,2025-04-06,psychology,7
ON TYRANNY,2025-04-06,political science,8
HEARTBREAKER,2025-04-06,biography & autobiography,9
THE BODY KEEPS THE SCORE,2025-04-06,medical,10
THE WAGER,2025-04-06,true crime,11
ANTISEMITISM IN AMERICA,2025-04-06,history,12
THE HOUSE OF MY MOTHER,2025-04-06,biography & autobiography,13
OUTLIVE,2025-04-06,health & fitness,14
THE BACKYARD BIRD CHRONICLES,2025-04-06,nature,15
OUTLIVE,2025-03-02,health & fitness,1
ON TYRANNY,2025-03-02,political science,2
THE ANXIOUS GENERATION,2025-03-02,psychology,3
SOURCE CODE,2025-03-02,biography & autobiography,4
THE BODY KEEPS THE SCORE,2025-03-02,medical,5
THE SIRENS' CALL,2025-03-02,political science,6
HILLBILLY ELEGY,2025-03-02,social science,7
FRAMED,2025-03-02,true crime,8
THE SERVICEBERRY,2025-03-02,nature,9
BELIEVE,2025-03-02,philosophy,10
GREENLIGHTS,2025-03-02,biography & autobiography,11
MELANIA,2025-03-02,biography & autobiography,12
YOU DIDN'T HEAR THIS FROM ME,2025-03-02,psychology,13
MEMORIAL DAYS,2025-03-02,biography & autobiography,14
ELON MUSK,2025-03-02,biography & autobiography,15
THE HOUSE OF MY MOTHER,2025-01-26,biography & autobiography,1
THE ANXIOUS GENERATION,2025-01-26,psychology,2
THE BODY KEEPS THE SCORE,2025-01-26,medical,3
BE READY WHEN THE LUCK HAPPENS,2025-01-26,biography & autobiography,4
"CHER: THE MEMOIR, PART ONE",2025-01-26,biography & autobiography,5
THE SERVICEBERRY,2025-01-26,nature,6
FRAMED,2025-01-26,true crime,7
GREENLIGHTS,2025-01-26,biography & autobiography,8
THE DEMON OF UNREST,2025-01-26,history,9
MELANIA,2025-01-26,biography & autobiography,10
THE BACKYARD BIRD CHRONICLES,2025-01-26,nature,11
OUTLIVE,2025-01-26,health & fitness,12
REVENGE OF THE TIPPING POINT,2025-01-26,business & economics,13
CONFRONTING THE PRESIDENTS,2025-01-26,biography & autobiography,14
ON TYRANNY,2025-01-26,political science,15
"CHER: THE MEMOIR, PART ONE",2024-12-22,biography & autobiography,1
MELANIA,2024-12-22,biography & autobiography,2
BE READY WHEN THE LUCK HAPPENS,2024-12-22,biography & autobiography,3
FRAMED,2024-12-22,true crime,4
THE BACKYARD BIRD CHRONICLES,2024-12-22,nature,5
CONFRONTING THE PRESIDENTS,2024-12-22,biography & autobiography,6
THE ANXIOUS GENERATION,2024-12-22,psychology,7
THE SERVICEBERRY,2024-12-22,nature,8
REVENGE OF THE TIPPING POINT,2024-12-22,business & economics,9
THE DEMON OF UNREST,2024-12-22,history,10
OUTLIVE,2024-12-22,health & fitness,11
FROM HERE TO THE GREAT UNKNOWN,2024-12-22,biography & autobiography,12
THE BODY KEEPS THE SCORE,2024-12-22,medical,13
YOUR MOM'S GONNA LOVE ME,2024-12-22,biography & autobiography,14
ON TYRANNY,2024-12-22,political science,15
MELANIA,2024-11-17,biography & autobiography,1
FRAMED,2024-11-17,true crime,2
WAR,2024-11-17,biography & autobiography,3
BE READY WHEN THE LUCK HAPPENS,2024-11-17,biography & autobiography,4
REVENGE OF THE TIPPING POINT,2024-11-17,business & economics,5
FROM HERE TO THE GREAT UNKNOWN,2024-11-17,biography & autobiography,6
THE MESSAGE,2024-11-17,social science,7
THE ANXIOUS GENERATION,2024-11-17,psychology,8
CONFRONTING THE PRESIDENTS,2024-11-17,biography & autobiography,9
PATRIOT,2024-11-17,biography & autobiography,10
BROTHERS,2024-11-17,biography & autobiography,11
HILLBILLY ELEGY,2024-11-17,social science,12
AMERICAN HEROES,2024-11-17,biography & autobiography,13
THE BODY KEEPS THE SCORE,2024-11-17,medical,14
NEXUS,2024-11-17,history,15
THE SMALL AND THE MIGHTY,2024-10-13,history,1
TRUTHS,2024-10-13,political science,2
CONFRONTING THE PRESIDENTS,2024-10-13,biography & autobiography,3
TARGETED: BEIRUT,2024-10-13,history,4
THE ANXIOUS GENERATION,2024-10-13,psychology,5
"SOMETHING LOST, SOMETHING GAINED",2024-10-13,biography & autobiography,6
THE BARN,2024-10-13,history,7
NEXUS,2024-10-13,history,8
THE BODY KEEPS THE SCORE,2024-10-13,medical,9
THE THIRD GILMORE GIRL,2024-10-13,biography & autobiography,10
LOVELY ONE,2024-10-13,biography & autobiography,11
LUCKY LOSER,2024-10-13,biography & autobiography,12
HILLBILLY ELEGY,2024-10-13,social science,13
GHOSTS OF HONOLULU,2024-10-13,history,14
THE DEMON OF UNREST,2024-10-13,history,15
IMMINENT,2024-09-08,biography & autobiography,1
HILLBILLY ELEGY,2024-09-08,social science,2
THE ANXIOUS GENERATION,2024-09-08,psychology,3
WHAT'S NEXT,2024-09-08,performing arts,4
THE BODY KEEPS THE SCORE,2024-09-08,medical,5
THE ART OF POWER,2024-09-08,biography & autobiography,6
THE DEVIL AT HIS ELBOW,2024-09-08,true crime,7
OUT OF THE DARKNESS,2024-09-08,biography & autobiography,8
THE DEMON OF UNREST,2024-09-08,history,9
ON THE EDGE,2024-09-08,business & economics,10
SHAMELESS,2024-09-08,political science,11
THE TRUTHS WE HOLD,2024-09-08,biography & autobiography,12
CHAOS,2024-09-08,true crime,13
OUTLIVE,2024-09-08,health & fitness,14
BORN A CRIME,2024-09-08,biography & autobiography,15
HILLBILLY ELEGY,2024-08-04,social science,1
THE ANXIOUS GENERATION,2024-08-04,psychology,2
THE DEMON OF UNREST,2024-08-04,history,3
THE BODY KEEPS THE SCORE,2024-08-04,medical,4
JFK JR.,2024-08-04,biography & autobiography,5
CHAOS,2024-08-04,true crime,6
THE ART THIEF,2024-08-04,art thefts,8
EVERYTHING I KNOW ABOUT LOVE,2024-08-04,biography & autobiography,9
NUCLEAR WAR,2024-08-04,history,10
ON CALL,2024-08-04,biography & autobiography,11
THE WAR ON WARRIORS,2024-08-04,biography & autobiography,12
OUTLIVE,2024-08-04,health & fitness,13
"FRIENDS, LOVERS, AND THE BIG TERRIBLE THING",2024-08-04,biography & autobiography,14
AN UNFINISHED LOVE STORY,2024-08-04,biography & autobiography,15
THE DEMON OF UNREST,2024-06-30,history,1
THE WAR ON WARRIORS,2024-06-30,biography & autobiography,2
THE ANXIOUS GENERATION,2024-06-30,psychology,3
THE SITUATION ROOM,2024-06-30,history,4
THE FRIDAY AFTERNOON CLUB,2024-06-30,biography & autobiography,5
THE WAGER,2024-06-30,true crime,6
WHAT THIS COMEDIAN SAID WILL SHOCK YOU,2024-06-30,humor,7
THE BODY KEEPS THE SCORE,2024-06-30,medical,8
WHEN THE SEA CAME ALIVE,2024-06-30,history,9
AN UNFINISHED LOVE STORY,2024-06-30,biography & autobiography,10
HIP-HOP IS HISTORY,2024-06-30,history,11
THE WIDE WIDE SEA,2024-06-30,biography & autobiography,12
OUTLIVE,2024-06-30,health & fitness,13
JUST ADD WATER,2024-06-30,biography & autobiography,14
PATTON'S PRAYER,2024-06-30,history,15
THE DEMON OF UNREST,2024-05-26,history,1
YOU NEVER KNOW,2024-05-26,biography & autobiography,2
BITS AND PIECES,2024-05-26,biography & autobiography,4
THE ANXIOUS GENERATION,2024-05-26,psychology,5
COMING HOME,2024-05-26,biography & autobiography,6
"LOVE, MOM",2024-05-26,biography & autobiography,7
AN UNFINISHED LOVE STORY,2024-05-26,biography & autobiography,8
NO GOING BACK,2024-05-26,political science,9
THE BODY KEEPS THE SCORE,2024-05-26,medical,10
THE BACKYARD BIRD CHRONICLES,2024-05-26,nature,11
THE WAGER,2024-05-26,true crime,12
OUTLIVE,2024-05-26,health & fitness,13
THE LIGHT WE CARRY,2024-05-26,biography & autobiography,14
THE HUNDRED YEARS' WAR ON PALESTINE,2024-05-26,history,15
THE ANXIOUS GENERATION,2024-04-21,psychology,1
THE BODY KEEPS THE SCORE,2024-04-21,medical,3
NUCLEAR WAR,2024-04-21,history,4
THE WAGER,2024-04-21,true crime,5
SOCIOPATH,2024-04-21,biography & autobiography,6
THE FALSE WHITE GOSPEL,2024-04-21,religion,7
I'M GLAD MY MOM DIED,2024-04-21,biography & autobiography,8
KILLERS OF THE FLOWER MOON,2024-04-21,true crime,9
CO-INTELLIGENCE,2024-04-21,business & economics,10
NEVER LEAVE THE DOGS BEHIND,2024-04-21,biography & autobiography,11
OUTLIVE,2024-04-21,health & fitness,12
REBEL RISING,2024-04-21,biography & autobiography,13
GET IT TOGETHER,2024-04-21,political science,14
BLOOD MONEY,2024-03-17,history,1
BURN BOOK,2024-03-17,biography & autobiography,2
ATTACK FROM WITHIN,2024-03-17,political science,3
THE BODY KEEPS THE SCORE,2024-03-17,medical,4
KILLERS OF THE FLOWER MOON,2024-03-17,true crime,5
THE WAGER,2024-03-17,true crime,6
OUTLIVE,2024-03-17,health & fitness,7
THE TRUMP INDICTMENTS,2024-03-17,law,8
BRAIDING SWEETGRASS,2024-03-17,nature,9
THE BOYS IN THE BOAT,2024-03-17,sports & recreation,10
WHITE RURAL RAGE,2024-03-17,political science,11
GRIEF IS FOR PEOPLE,2024-03-17,biography & autobiography,12
THE MANY LIVES OF MAMA LOVE,2024-03-17,biography & autobiography,13
MASTERS OF THE AIR,2024-03-17,biography & autobiography,14
EVERYTHING I KNOW ABOUT LOVE,2024-03-17,biography & autobiography,15
KILLERS OF THE FLOWER MOON,2024-02-11,true crime,1
THE BOYS IN THE BOAT,2024-02-11,sports & recreation,2
THE BODY KEEPS THE SCORE,2024-02-11,medical,3
THE WAGER,2024-02-11,true crime,4
OATH AND HONOR,2024-02-11,biography & autobiography,5
OUTLIVE,2024-02-11,health & fitness,6
MADNESS,2024-02-11,history,7
ONE IN A MILLENNIAL,2024-02-11,biography & autobiography,8
CASTE,2024-02-11,social science,9
"THE KINGDOM, THE POWER, AND THE GLORY",2024-02-11,political science,10
THE WOMAN IN ME,2024-02-11,biography & autobiography,11
THINK AGAIN,2024-02-11,business & economics,12
ONLY SAY GOOD THINGS,2024-02-11,biography & autobiography,13
EVERYTHING I KNOW ABOUT LOVE,2024-02-11,biography & autobiography,14
LEGACY,2024-02-11,biography & autobiography,15
THE WAGER,2024-01-07,true crime,1
OATH AND HONOR,2024-01-07,biography & autobiography,2
THE WOMAN IN ME,2024-01-07,biography & autobiography,3
KILLERS OF THE FLOWER MOON,2024-01-07,true crime,4
THE BOYS IN THE BOAT,2024-01-07,sports & recreation,5
MY NAME IS BARBRA,2024-01-07,biography & autobiography,6
"FRIENDS, LOVERS, AND THE BIG TERRIBLE THING",2024-01-07,biography & autobiography,7
ELON MUSK,2024-01-07,biography & autobiography,8
PREQUEL,2024-01-07,political science,9
OUTLIVE,2024-01-07,health & fitness,10
THE STORYTELLER,2024-01-07,biography & autobiography,11
BEHIND THE SEAMS,2024-01-07,biography & autobiography,12
THE BODY KEEPS THE SCORE,2024-01-07,medical,13
GHOSTS OF HONOLULU,2024-01-07,fiction,14
AMERICAN PROMETHEUS,2024-01-07,biography & autobiography,15
"FRIENDS, LOVERS, AND THE BIG TERRIBLE THING",2023-12-03,biography & autobiography,1
THE WOMAN IN ME,2023-12-03,biography & autobiography,2
MY NAME IS BARBRA,2023-12-03,biography & autobiography,3
MY EFFIN' LIFE,2023-12-03,biography & autobiography,4
KILLERS OF THE FLOWER MOON,2023-12-03,true crime,5
TIRED OF WINNING,2023-12-03,political science,6
GHOSTS OF HONOLULU,2023-12-03,fiction,7
PREQUEL,2023-12-03,political science,8
THE WAGER,2023-12-03,true crime,9
ELON MUSK,2023-12-03,biography & autobiography,10
THE BODY KEEPS THE SCORE,2023-12-03,medical,11
TEDDY AND BOOKER T.,2023-12-03,history,12
BEING HENRY,2023-12-03,biography & autobiography,13
UNWOKE,2023-12-03,political science,14
OUTLIVE,2023-12-03,health & fitness,15
KILLERS OF THE FLOWER MOON,2023-10-29,true crime,1
ENOUGH,2023-10-29,biography & autobiography,2
ELON MUSK,2023-10-29,biography & autobiography,3
KILLING THE WITCHES,2023-10-29,history,4
THE DEMOCRAT PARTY HATES AMERICA,2023-10-29,political science,7
LUCKY ME,2023-10-29,biography & autobiography,8
OUTLIVE,2023-10-29,health & fitness,9
DEMOCRACY AWAKENING,2023-10-29,history,10
THE BODY KEEPS THE SCORE,2023-10-29,medical,11
ASTOR,2023-10-29,biography & autobiography,12
MAKING IT SO,2023-10-29,biography & autobiography,13
THE WAGER,2023-10-29,true crime,14
MCU,2023-10-29,architecture,15
KILLERS OF THE FLOWER MOON,2023-09-24,true crime,1
OUTLIVE,2023-09-24,health & fitness,2
THE BODY KEEPS THE SCORE,2023-09-24,medical,3
THE COMING WAVE,2023-09-24,technology & engineering,4
WHY WE LOVE BASEBALL,2023-09-24,sports & recreation,5
THE LAST POLITICIAN,2023-09-24,political science,6
THE WAGER,2023-09-24,true crime,7
AMERICAN PROMETHEUS,2023-09-24,biography & autobiography,8
NECESSARY TROUBLE,2023-09-24,biography & autobiography,9
I'M GLAD MY MOM DIED,2023-09-24,biography & autobiography,10
"SURE, I'LL JOIN YOUR CULT",2023-09-24,biography & autobiography,11
BRAIDING SWEETGRASS,2023-09-24,nature,12
AN IMMENSE WORLD,2023-09-24,nature,13
THE HIDDEN ROOTS OF WHITE SUPREMACY,2023-09-24,business & economics,14
CRYING IN H MART,2023-09-24,biography & autobiography,15
AMERICAN PROMETHEUS,2023-08-20,biography & autobiography,1
KILLERS OF THE FLOWER MOON,2023-08-20,true crime,2
OUTLIVE,2023-08-20,health & fitness,3
THE WAGER,2023-08-20,true crime,4
THE BODY KEEPS THE SCORE,2023-08-20,medical,5
I'M GLAD MY MOM DIED,2023-08-20,biography & autobiography,6
EVERYTHING I KNOW ABOUT LOVE,2023-08-20,biography & autobiography,7
BEYOND THE STORY,2023-08-20,biography & autobiography,8
BRAIDING SWEETGRASS,2023-08-20,nature,9
ALL ABOUT LOVE,2023-08-20,family & relationships,11
THE IN-BETWEEN,2023-08-20,biography & autobiography,12
WHAT AN OWL KNOWS,2023-08-20,nature,13
CRYING IN H MART,2023-08-20,biography & autobiography,14
BORN A CRIME,2023-08-20,biography & autobiography,15
OUTLIVE,2023-07-16,health & fitness,1
THE WAGER,2023-07-16,true crime,2
KILLERS OF THE FLOWER MOON,2023-07-16,true crime,3
THE BODY KEEPS THE SCORE,2023-07-16,medical,4
I'M GLAD MY MOM DIED,2023-07-16,biography & autobiography,5
UNBROKEN BONDS OF BATTLE,2023-07-16,soldiers,6
THE ART THIEF,2023-07-16,biography & autobiography,7
CRYING IN H MART,2023-07-16,biography & autobiography,8
THE IN-BETWEEN,2023-07-16,biography & autobiography,9
ULTRA-PROCESSED PEOPLE,2023-07-16,health & fitness,11
AMERICAN WHITELASH,2023-07-16,social science,12
ALL ABOUT LOVE,2023-07-16,family & relationships,13
PAGEBOY,2023-07-16,biography & autobiography,14
BRAIDING SWEETGRASS,2023-07-16,nature,15
KILLERS OF THE FLOWER MOON,2023-06-11,true crime,1
THE WAGER,2023-06-11,true crime,2
OUTLIVE,2023-06-11,health & fitness,3
THE BODY KEEPS THE SCORE,2023-06-11,medical,4
THE BOOK OF CHARLIE,2023-06-11,biography & autobiography,5
I'M GLAD MY MOM DIED,2023-06-11,biography & autobiography,6
SPARE,2023-06-11,biography & autobiography,7
CRYING IN H MART,2023-06-11,biography & autobiography,8
THE DADDY DIARIES,2023-06-11,biography & autobiography,9
ON OUR BEST BEHAVIOR,2023-06-11,social science,10
THE ESCAPE ARTIST,2023-06-11,history,11
THE LIGHT WE CARRY,2023-06-11,biography & autobiography,12
RAW DOG,2023-06-11,cooking,13
BRAIDING SWEETGRASS,2023-06-11,nature,14
ALL ABOUT LOVE,2023-06-11,family & relationships,15
THE WAGER,2023-05-07,true crime,1
OUTLIVE,2023-05-07,health & fitness,2
KILLERS OF THE FLOWER MOON,2023-05-07,true crime,3
YOU CAN'T JOKE ABOUT THAT,2023-05-07,humor,4
THE BODY KEEPS THE SCORE,2023-05-07,medical,5
CRYING IN H MART,2023-05-07,biography & autobiography,6
I'M GLAD MY MOM DIED,2023-05-07,biography & autobiography,7
SPARE,2023-05-07,biography & autobiography,8
THE LIGHT WE CARRY,2023-05-07,biography & autobiography,9
"POVERTY, BY AMERICA",2023-05-07,social science,10
GREENLIGHTS,2023-05-07,biography & autobiography,11
BRAIDING SWEETGRASS,2023-05-07,nature,12
ALL ABOUT LOVE,2023-05-07,family & relationships,13
I SWEAR,2023-05-07,biography & autobiography,14
YOU COULD MAKE THIS PLACE BEAUTIFUL,2023-05-07,biography & autobiography,15
SAVED,2023-04-02,biography & autobiography,1
SPARE,2023-04-02,biography & autobiography,2
THE BODY KEEPS THE SCORE,2023-04-02,medical,5
I'M GLAD MY MOM DIED,2023-04-02,biography & autobiography,6
THE LONGEST RACE,2023-04-02,biography & autobiography,7
THE LIGHT WE CARRY,2023-04-02,biography & autobiography,8
WALK THE BLUE LINE,2023-04-02,biography & autobiography,9
ALL ABOUT LOVE,2023-04-02,family & relationships,10
BRAIDING SWEETGRASS,2023-04-02,nature,11
ENCHANTMENT,2023-04-02,"body, mind & spirit",12
BELONGING,2023-04-02,biography & autobiography,13
ALL MY KNOTTED-UP LIFE,2023-04-02,biography & autobiography,14
IT'S OK TO BE ANGRY ABOUT CAPITALISM,2023-04-02,political science,15
SPARE,2023-02-26,biography & autobiography,1
THE BODY KEEPS THE SCORE,2023-02-26,medical,2
I'M GLAD MY MOM DIED,2023-02-26,biography & autobiography,3
THE LIGHT WE CARRY,2023-02-26,biography & autobiography,5
PEOPLE VS. DONALD TRUMP,2023-02-26,biography & autobiography,6
"FRIENDS, LOVERS, AND THE BIG TERRIBLE THING",2023-02-26,biography & autobiography,8
THE NAZI CONSPIRACY,2023-02-26,biography & autobiography,9
ALL ABOUT LOVE,2023-02-26,family & relationships,10
BAD MORMON,2023-02-26,biography & autobiography,11
FINDING ME,2023-02-26,biography & autobiography,12
BRAIDING SWEETGRASS,2023-02-26,nature,13
WALK THE BLUE LINE,2023-02-26,biography & autobiography,14
THE 1619 PROJECT,2023-02-26,history,15
THE LIGHT WE CARRY,2023-01-22,biography & autobiography,1
I'M GLAD MY MOM DIED,2023-01-22,biography & autobiography,2
THE BODY KEEPS THE SCORE,2023-01-22,medical,4
THE JANUARY 6TH REPORT,2023-01-22,law,5
"FRIENDS, LOVERS, AND THE BIG TERRIBLE THING",2023-01-22,biography & autobiography,6
ALL ABOUT LOVE,2023-01-22,family & relationships,7
MYTH AMERICA,2023-01-22,history,8
AN IMMENSE WORLD,2023-01-22,nature,9
THE REVOLUTIONARY,2023-01-22,biography & autobiography,10
AND THERE WAS LIGHT,2023-01-22,biography & autobiography,11
THE SONG OF THE CELL,2023-01-22,history,12
SURRENDER,2023-01-22,biography & autobiography,13
BRAIDING SWEETGRASS,2023-01-22,nature,14
THE MYTH OF NORMAL,2023-01-22,psychology,15
THE LIGHT WE CARRY,2022-12-18,biography & autobiography,1
"FRIENDS, LOVERS, AND THE BIG TERRIBLE THING",2022-12-18,biography & autobiography,2
I'M GLAD MY MOM DIED,2022-12-18,biography & autobiography,3
THE BODY KEEPS THE SCORE,2022-12-18,medical,4
SURRENDER,2022-12-18,biography & autobiography,5
AND THERE WAS LIGHT,2022-12-18,biography & autobiography,6
SO HELP ME GOD,2022-12-18,biography & autobiography,7
THE REVOLUTIONARY,2022-12-18,biography & autobiography,8
A HEART THAT WORKS,2022-12-18,biography & autobiography,9
THE SONG OF THE CELL,2022-12-18,history,10
THE PHILOSOPHY OF MODERN SONG,2022-12-18,music,11
THE COMEDIANS IN CARS GETTING COFFEE BOOK,2022-12-18,humor,12
WHAT IF? 2,2022-12-18,humor,13
CINEMA SPECULATION,2022-12-18,biography & autobiography,14
AN IMMENSE WORLD,2022-12-18,nature,15
RADIO'S GREATEST OF ALL TIME,2022-11-13,biography & autobiography,1
I'M GLAD MY MOM DIED,2022-11-13,biography & autobiography,2
AND THERE WAS LIGHT,2022-11-13,biography & autobiography,3
WAYPOINTS,2022-11-13,biography & autobiography,4
THE BODY KEEPS THE SCORE,2022-11-13,medical,5
THE SONG OF THE CELL,2022-11-13,history,6
MY TRAVELS WITH MRS. KENNEDY,2022-11-13,biography & autobiography,7
JUSTICE CORRUPTED,2022-11-13,political science,8
THE REVOLUTIONARY,2022-11-13,biography & autobiography,9
CONFIDENCE MAN,2022-11-13,political science,10
THE LAST FOLK HERO,2022-11-13,biography & autobiography,11
KILLING THE LEGENDS,2022-11-13,biography & autobiography,12
THE EXTRAORDINARY LIFE OF AN ORDINARY MAN,2022-11-13,biography & autobiography,13
BEYOND THE WAND,2022-11-13,biography & autobiography,14
LIVE WIRE,2022-11-13,biography & autobiography,15
I'M GLAD MY MOM DIED,2022-10-09,biography & autobiography,1
THE DIVIDER,2022-10-09,history,2
STARRY MESSENGER,2022-10-09,science,3
THE BODY KEEPS THE SCORE,2022-10-09,medical,4
DINNERS WITH RUTH,2022-10-09,biography & autobiography,5
THE MYTH OF NORMAL,2022-10-09,psychology,6
WHAT IF? 2,2022-10-09,humor,7
THE MOSQUITO BOWL,2022-10-09,biography & autobiography,8
BREAKING HISTORY,2022-10-09,biography & autobiography,9
THE BIGGEST IDEAS IN THE UNIVERSE,2022-10-09,science,10
HOLDING THE LINE,2022-10-09,political science,11
LIKE A ROLLING STONE,2022-10-09,biography & autobiography,12
SOLITO,2022-10-09,biography & autobiography,13
PROFILES IN IGNORANCE,2022-10-09,biography & autobiography,14
LADY JUSTICE,2022-10-09,law,15
I'M GLAD MY MOM DIED,2022-09-04,biography & autobiography,1
THE BODY KEEPS THE SCORE,2022-09-04,medical,2
PATH LIT BY LIGHTNING,2022-09-04,biography & autobiography,3
"DIANA, WILLIAM, AND HARRY",2022-09-04,biography & autobiography,4
CRYING IN H MART,2022-09-04,biography & autobiography,5
VACUUMING IN THE NUDE,2022-09-04,biography & autobiography,6
THINK AGAIN,2022-09-04,business & economics,7
WHAT WE OWE THE FUTURE,2022-09-04,philosophy,8
BRAIDING SWEETGRASS,2022-09-04,nature,10
BORN A CRIME,2022-09-04,biography & autobiography,11
EDUCATED,2022-09-04,biography & autobiography,12
FINDING ME,2022-09-04,biography & autobiography,13
ALL ABOUT LOVE,2022-09-04,family & relationships,14
THIS IS YOUR MIND ON PLANTS,2022-09-04,"body, mind & spirit",15
TANQUERAY,2022-07-31,biography & autobiography,1
THANK YOU FOR YOUR SERVITUDE,2022-07-31,political science,2
THE BODY KEEPS THE SCORE,2022-07-31,medical,3
BATTLE FOR THE AMERICAN MIND,2022-07-31,education,4
HAPPY-GO-LUCKY,2022-07-31,family & relationships,5
LEADERSHIP,2022-07-31,biography & autobiography,6
FINDING ME,2022-07-31,biography & autobiography,7
CRYING IN H MART,2022-07-31,biography & autobiography,8
THEY WANT TO KILL AMERICANS,2022-07-31,political science,9
KILLING THE KILLERS,2022-07-31,history,10
JAMES PATTERSON,2022-07-31,biography & autobiography,11
WHY WE DID IT,2022-07-31,political science,12
BRAIDING SWEETGRASS,2022-07-31,nature,13
AN IMMENSE WORLD,2022-07-31,nature,14
EDUCATED,2022-07-31,biography & autobiography,15
JAMES PATTERSON,2022-06-26,biography & autobiography,1
KILLING THE KILLERS,2022-06-26,history,2
HAPPY-GO-LUCKY,2022-06-26,family & relationships,3
THE BODY KEEPS THE SCORE,2022-06-26,medical,4
FINDING ME,2022-06-26,biography & autobiography,5
BATTLING THE BIG LIE,2022-06-26,political science,6
THE PALACE PAPERS,2022-06-26,biography & autobiography,7
SCARS AND STRIPES,2022-06-26,biography & autobiography,8
HERE'S THE DEAL,2022-06-26,biography & autobiography,9
THE POPE AT WAR,2022-06-26,history,10
CRYING IN H MART,2022-06-26,biography & autobiography,11
GREENLIGHTS,2022-06-26,biography & autobiography,12
UNDER THE BANNER OF HEAVEN,2022-06-26,true crime,13
RIVER OF THE GODS,2022-06-26,history,14
THE FACEMAKER,2022-06-26,biography & autobiography,15
KILLING THE KILLERS,2022-05-22,history,1
FINDING ME,2022-05-22,biography & autobiography,2
THIS WILL NOT PASS,2022-05-22,biography & autobiography,3
THE PALACE PAPERS,2022-05-22,biography & autobiography,4
OUT OF THE CORNER,2022-05-22,biography & autobiography,5
THE BODY KEEPS THE SCORE,2022-05-22,medical,6
UNDER THE BANNER OF HEAVEN,2022-05-22,true crime,7
UNMASKED,2022-05-22,biography & autobiography,8
CRYING IN H MART,2022-05-22,biography & autobiography,9
BRAIDING SWEETGRASS,2022-05-22,nature,10
FREEZING ORDER,2022-05-22,biography & autobiography,11
ANNA,2022-05-22,biography & autobiography,12
JUST TYRUS,2022-05-22,biography & autobiography,13
WHAT HAPPENED TO YOU?,2022-05-22,psychology,14
I'LL SHOW MYSELF OUT,2022-05-22,family & relationships,15
THE BODY KEEPS THE SCORE,2022-04-17,medical,1
WILL,2022-04-17,biography & autobiography,2
THE STORYTELLER,2022-04-17,biography & autobiography,3
TEN STEPS TO NANETTE,2022-04-17,biography & autobiography,4
AGAINST ALL ODDS,2022-04-17,history,5
THE 1619 PROJECT,2022-04-17,history,6
EDUCATED,2022-04-17,biography & autobiography,7
CRYING IN H MART,2022-04-17,biography & autobiography,8
THE SPLENDID AND THE VILE,2022-04-17,history,9
ONE DAMN THING AFTER ANOTHER,2022-04-17,biography & autobiography,10
ALL ABOUT LOVE,2022-04-17,family & relationships,11
BRAIDING SWEETGRASS,2022-04-17,nature,12
FROM STRENGTH TO STRENGTH,2022-04-17,self-help,14
RED-HANDED,2022-03-13,political science,1
THE BODY KEEPS THE SCORE,2022-03-13,medical,2
THE 1619 PROJECT,2022-03-13,history,3
GREENLIGHTS,2022-03-13,biography & autobiography,4
THE SPLENDID AND THE VILE,2022-03-13,history,5
EDUCATED,2022-03-13,biography & autobiography,6
CRYING IN H MART,2022-03-13,biography & autobiography,7
FROM STRENGTH TO STRENGTH,2022-03-13,self-help,8
WILL,2022-03-13,biography & autobiography,9
ALL ABOUT LOVE,2022-03-13,family & relationships,10
THE DRESSMAKERS OF AUSCHWITZ,2022-03-13,history,11
THE NINETIES,2022-03-13,social science,12
THE STORYTELLER,2022-03-13,biography & autobiography,13
HOW TO BE PERFECT,2022-03-13,humor,14
BRAIDING SWEETGRASS,2022-03-13,nature,15
ENOUGH ALREADY,2022-02-06,biography & autobiography,1
THE BODY KEEPS THE SCORE,2022-02-06,medical,2
THE BETRAYAL OF ANNE FRANK,2022-02-06,history,3
THE 1619 PROJECT,2022-02-06,history,4
UNTHINKABLE,2022-02-06,biography & autobiography,5
CRYING IN H MART,2022-02-06,biography & autobiography,6
GREENLIGHTS,2022-02-06,biography & autobiography,7
WILL,2022-02-06,biography & autobiography,8
ALL ABOUT LOVE,2022-02-06,family & relationships,9
THE STORYTELLER,2022-02-06,biography & autobiography,10
BLOOD IN THE GARDEN,2022-02-06,biography & autobiography,11
BRAIDING SWEETGRASS,2022-02-06,nature,12
UNTAMED,2022-02-06,biography & autobiography,13
TASTE,2022-02-06,biography & autobiography,14
JUST PURSUIT,2022-02-06,biography & autobiography,15
THE 1619 PROJECT,2022-01-02,history,1
THE STORYTELLER,2022-01-02,biography & autobiography,2
WILL,2022-01-02,biography & autobiography,3
THE LYRICS: 1956 TO THE PRESENT,2022-01-02,music,4
TASTE,2022-01-02,biography & autobiography,5
ALL AMERICAN CHRISTMAS,2022-01-02,biography & autobiography,6
THE PRESIDENT AND THE FREEDOM FIGHTER,2022-01-02,history,7
ALL ABOUT LOVE,2022-01-02,family & relationships,8
THE BEATLES: GET BACK,2022-01-02,biography & autobiography,9
THE BODY KEEPS THE SCORE,2022-01-02,medical,10
RENEGADES,2022-01-02,social science,11
THE REAL ANTHONY FAUCI,2022-01-02,health & fitness,12
GREENLIGHTS,2022-01-02,biography & autobiography,14
THE DAWN OF EVERYTHING,2022-01-02,history,15
WILL,2021-11-28,biography & autobiography,1
THE DAWN OF EVERYTHING,2021-11-28,history,2
THE PRESIDENT AND THE FREEDOM FIGHTER,2021-11-28,history,3
THE STORYTELLER,2021-11-28,biography & autobiography,4
THE LYRICS: 1956 TO THE PRESENT,2021-11-28,music,5
THE BODY KEEPS THE SCORE,2021-11-28,medical,6
MY BODY,2021-11-28,biography & autobiography,7
IMMUNE,2021-11-28,science,8
GOING THERE,2021-11-28,biography & autobiography,9
TASTE,2021-11-28,biography & autobiography,10
RENEGADES,2021-11-28,social science,11
PERIL,2021-11-28,biography & autobiography,12
UNGUARDED,2021-11-28,sports & recreation,13
E.R. NURSES,2021-11-28,biography & autobiography,14
TO RESCUE THE REPUBLIC,2021-11-28,biography & autobiography,15
THE STORYTELLER,2021-10-24,biography & autobiography,1
I'LL TAKE YOUR QUESTIONS NOW,2021-10-24,biography & autobiography,2
PERIL,2021-10-24,biography & autobiography,3
TASTE,2021-10-24,biography & autobiography,4
VANDERBILT,2021-10-24,history,5
THE DYING CITIZEN,2021-10-24,political science,6
AMERICAN MARXISM,2021-10-24,political science,7
THERE IS NOTHING FOR YOU HERE,2021-10-24,biography & autobiography,8
THE BODY KEEPS THE SCORE,2021-10-24,medical,10
MAID,2021-10-24,biography & autobiography,11
ON TYRANNY,2021-10-24,political science,12
TALKING TO STRANGERS,2021-10-24,language arts & disciplines,14
BOURDAIN,2021-10-24,biography & autobiography,15
THE AFGHANISTAN PAPERS,2021-09-19,history,1
AMERICAN MARXISM,2021-09-19,political science,2
THE BODY KEEPS THE SCORE,2021-09-19,medical,3
THE LONG SLIDE,2021-09-19,language arts & disciplines,4
GREENLIGHTS,2021-09-19,biography & autobiography,6
UNTAMED,2021-09-19,biography & autobiography,7
CASTE,2021-09-19,social science,8
BRAIDING SWEETGRASS,2021-09-19,nature,9
BORN A CRIME,2021-09-19,biography & autobiography,10
WHAT HAPPENED TO YOU?,2021-09-19,psychology,11
CRYING IN H MART,2021-09-19,biography & autobiography,12
THINK AGAIN,2021-09-19,business & economics,13
THE RECKONING,2021-09-19,biography & autobiography,14
SAPIENS,2021-09-19,science,15
AMERICAN MARXISM,2021-08-15,political science,1
I ALONE CAN FIX IT,2021-08-15,political science,2
THE AUTHORITARIAN MOMENT,2021-08-15,philosophy,3
HOW I SAVED THE WORLD,2021-08-15,biography & autobiography,4
THE BODY KEEPS THE SCORE,2021-08-15,medical,5
THE WARMTH OF OTHER SUNS,2021-08-15,history,6
LANDSLIDE,2021-08-15,biography & autobiography,7
GREENLIGHTS,2021-08-15,biography & autobiography,8
UNTAMED,2021-08-15,biography & autobiography,9
"FRANKLY, WE DID WIN THIS ELECTION",2021-08-15,history,10
WHAT HAPPENED TO YOU?,2021-08-15,psychology,11
THIS IS YOUR MIND ON PLANTS,2021-08-15,"body, mind & spirit",12
KILLING THE MOB,2021-08-15,history,13
CASTE,2021-08-15,social science,14
BRAIDING SWEETGRASS,2021-08-15,nature,15
THE BODY KEEPS THE SCORE,2021-07-11,medical,1
KILLING THE MOB,2021-07-11,history,2
THE BOMBER MAFIA,2021-07-11,history,3
GREENLIGHTS,2021-07-11,biography & autobiography,4
UNTAMED,2021-07-11,biography & autobiography,5
CASTE,2021-07-11,social science,6
THE PREMONITION,2021-07-11,political science,7
CRYING IN H MART,2021-07-11,biography & autobiography,8
BRAIDING SWEETGRASS,2021-07-11,nature,9
THE ANTHROPOCENE REVIEWED,2021-07-11,literary collections,10
WHAT HAPPENED TO YOU?,2021-07-11,psychology,12
BORN A CRIME,2021-07-11,biography & autobiography,13
THINK AGAIN,2021-07-11,business & economics,14
ON JUNETEENTH,2021-07-11,history,15
THE ANTHROPOCENE REVIEWED,2021-06-06,literary collections,1
ZERO FAIL,2021-06-06,political science,2
KILLING THE MOB,2021-06-06,history,3
WHAT HAPPENED TO YOU?,2021-06-06,psychology,5
THE PREMONITION,2021-06-06,political science,6
YEARBOOK,2021-06-06,biography & autobiography,7
THE BODY KEEPS THE SCORE,2021-06-06,medical,8
GREENLIGHTS,2021-06-06,biography & autobiography,9
THE BOMBER MAFIA,2021-06-06,history,10
FACING THE MOUNTAIN,2021-06-06,history,11
UNTAMED,2021-06-06,biography & autobiography,12
CASTE,2021-06-06,social science,13
KILLERS OF THE FLOWER MOON,2021-06-06,true crime,14
THINK AGAIN,2021-06-06,business & economics,15
ON THE HOUSE,2021-05-02,biography & autobiography,1
EMPIRE OF PAIN,2021-05-02,biography & autobiography,2
THE CODE BREAKER,2021-05-02,biography & autobiography,3
BROKEN HORSES,2021-05-02,biography & autobiography,4
THE BODY KEEPS THE SCORE,2021-05-02,medical,5
GREENLIGHTS,2021-05-02,biography & autobiography,6
CASTE,2021-05-02,social science,7
BROKEN,2021-05-02,biography & autobiography,8
UNTAMED,2021-05-02,biography & autobiography,9
BEAUTIFUL THINGS,2021-05-02,biography & autobiography,10
FINDING FREEDOM,2021-05-02,biography & autobiography,11
THINK AGAIN,2021-05-02,business & economics,12
THE GOD EQUATION,2021-05-02,science,13
BECOMING,2021-05-02,biography & autobiography,14
THE BODY,2021-05-02,science,15
THE CODE BREAKER,2021-03-28,biography & autobiography,1
THE SUM OF US,2021-03-28,social science,2
GREENLIGHTS,2021-03-28,biography & autobiography,3
CASTE,2021-03-28,social science,4
HOW TO AVOID A CLIMATE DISASTER,2021-03-28,science,5
THE BODY KEEPS THE SCORE,2021-03-28,medical,6
BECOMING,2021-03-28,biography & autobiography,7
UNTAMED,2021-03-28,biography & autobiography,8
THINK AGAIN,2021-03-28,business & economics,9
A PROMISED LAND,2021-03-28,biography & autobiography,10
JUST AS I AM,2021-03-28,biography & autobiography,11
NOMADLAND,2021-03-28,social science,12
WALK IN MY COMBAT BOOTS,2021-03-28,biography & autobiography,13
"HUNT, GATHER, PARENT",2021-03-28,family & relationships,14
BRAIDING SWEETGRASS,2021-03-28,nature,15
THINK AGAIN,2021-02-21,business & economics,1
FOUR HUNDRED SOULS,2021-02-21,biography & autobiography,2
UNMASKED,2021-02-21,political science,3
JUST AS I AM,2021-02-21,biography & autobiography,4
A PROMISED LAND,2021-02-21,biography & autobiography,5
CASTE,2021-02-21,social science,6
GREENLIGHTS,2021-02-21,biography & autobiography,7
UNTAMED,2021-02-21,biography & autobiography,8
THE BODY KEEPS THE SCORE,2021-02-21,medical,9
WHEN HARRY MET MINNIE,2021-02-21,biography & autobiography,10
BECOMING,2021-02-21,biography & autobiography,11
MIKE NICHOLS,2021-02-21,biography & autobiography,12
HOW TO BE AN ANTIRACIST,2021-02-21,political science,13
BREATH,2021-02-21,science,14
LET ME TELL YOU WHAT I MEAN,2021-02-21,literary collections,15
A PROMISED LAND,2021-01-17,biography & autobiography,1
GREENLIGHTS,2021-01-17,biography & autobiography,2
UNTAMED,2021-01-17,biography & autobiography,3
CASTE,2021-01-17,social science,4
THE BODY KEEPS THE SCORE,2021-01-17,medical,5
BECOMING,2021-01-17,biography & autobiography,6
WORLD OF WONDERS,2021-01-17,biography & autobiography,7
THE SPLENDID AND THE VILE,2021-01-17,history,8
IS THIS ANYTHING?,2021-01-17,biography & autobiography,9
THE ANSWER IS ...,2021-01-17,biography & autobiography,10
BAG MAN,2021-01-17,political science,11
BRAIDING SWEETGRASS,2021-01-17,nature,12
BREATH,2021-01-17,science,13
HUMANS,2021-01-17,photography,14
THE LAST DAYS OF JOHN LENNON,2021-01-17,biography & autobiography,15
A PROMISED LAND,2020-12-13,biography & autobiography,1
GREENLIGHTS,2020-12-13,biography & autobiography,2
BECOMING,2020-12-13,biography & autobiography,4
MODERN WARRIORS,2020-12-13,biography & autobiography,5
NO TIME LIKE THE FUTURE,2020-12-13,biography & autobiography,6
CASTE,2020-12-13,social science,7
SAVING FREEDOM,2020-12-13,cold war,8
UNTAMED,2020-12-13,biography & autobiography,9
IS THIS ANYTHING?,2020-12-13,biography & autobiography,10
HUMANS,2020-12-13,photography,11
HILLBILLY ELEGY,2020-12-13,social science,12
THE ANSWER IS ...,2020-12-13,biography & autobiography,13
MY OWN WORDS,2020-12-13,biography & autobiography,14
UNCOMFORTABLE CONVERSATIONS WITH A BLACK MAN,2020-12-13,social science,15
GREENLIGHTS,2020-11-08,biography & autobiography,1
UNTAMED,2020-11-08,biography & autobiography,2
CASTE,2020-11-08,social science,3
KILLING CRAZY HORSE,2020-11-08,history,4
ONE VOTE AWAY,2020-11-08,political science,5
ACCIDENTALLY WES ANDERSON,2020-11-08,performing arts,6
SHADE,2020-11-08,photography,7
IS THIS ANYTHING?,2020-11-08,biography & autobiography,8
RAGE,2020-11-08,biography & autobiography,9
BATTLE OF BROTHERS,2020-11-08,biography & autobiography,10
BLACKOUT,2020-11-08,political science,11
HOW TO BE AN ANTIRACIST,2020-11-08,political science,12
A REPUBLIC UNDER ASSAULT,2020-11-08,political science,14
DO YOU FEEL LIKE I DO?,2020-11-08,biography & autobiography,15
RAGE,2020-10-04,biography & autobiography,1
BLACKOUT,2020-10-04,political science,2
DISLOYAL,2020-10-04,political science,3
KILLING CRAZY HORSE,2020-10-04,history,4
CASTE,2020-10-04,social science,5
COMPROMISED,2020-10-04,biography & autobiography,6
UNTAMED,2020-10-04,biography & autobiography,7
SPEAKING FOR MYSELF,2020-10-04,political science,8
TOO MUCH AND NEVER ENOUGH,2020-10-04,biography & autobiography,11
WHITE FRAGILITY,2020-10-04,social science,12
HOW TO BE AN ANTIRACIST,2020-10-04,political science,13
MELANIA AND ME,2020-10-04,biography & autobiography,14
TOO MUCH AND NEVER ENOUGH,2020-08-30,biography & autobiography,2
CASTE,2020-08-30,social science,4
UNTAMED,2020-08-30,biography & autobiography,5
HOW TO BE AN ANTIRACIST,2020-08-30,political science,6
WHITE FRAGILITY,2020-08-30,social science,7
EVIL GENIUSES,2020-08-30,history,8
THE TRUTHS WE HOLD,2020-08-30,biography & autobiography,9
THE WARMTH OF OTHER SUNS,2020-08-30,history,10
THE SPLENDID AND THE VILE,2020-08-30,history,12
EDUCATED,2020-08-30,biography & autobiography,13
BORN A CRIME,2020-08-30,biography & autobiography,15
HOW TO BE AN ANTIRACIST,2020-07-26,political science,2
WHITE FRAGILITY,2020-07-26,social science,3
ALEXANDER HAMILTON,2020-07-26,biography & autobiography,4
UNTAMED,2020-07-26,biography & autobiography,6
THE COLOR OF LAW,2020-07-26,social science,8
SEPARATED,2020-07-26,history,10
BEGIN AGAIN,2020-07-26,social science,11
BETWEEN THE WORLD AND ME,2020-07-26,biography & autobiography,12
JUST MERCY,2020-07-26,law,13
THE SPLENDID AND THE VILE,2020-07-26,history,14
BECOMING,2020-07-26,biography & autobiography,15
WHITE FRAGILITY,2020-06-21,social science,1
HOW TO BE AN ANTIRACIST,2020-06-21,political science,3
ME AND WHITE SUPREMACY,2020-06-21,social science,4
THE COLOR OF LAW,2020-06-21,social science,6
BETWEEN THE WORLD AND ME,2020-06-21,biography & autobiography,7
UNTAMED,2020-06-21,biography & autobiography,8
JUST MERCY,2020-06-21,law,10
BECOMING,2020-06-21,biography & autobiography,11
THE SPLENDID AND THE VILE,2020-06-21,history,12
BORN A CRIME,2020-06-21,biography & autobiography,13
WHY ARE ALL THE BLACK KIDS SITTING TOGETHER IN THE CAFETERIA?,2020-06-21,social science,14
I'M STILL HERE,2020-06-21,social science,15
UNTAMED,2020-05-17,biography & autobiography,1
THE SPLENDID AND THE VILE,2020-05-17,history,2
HIDDEN VALLEY ROAD,2020-05-17,biography & autobiography,3
EDUCATED,2020-05-17,biography & autobiography,4
THE GREAT INFLUENZA,2020-05-17,history,5
BECOMING,2020-05-17,biography & autobiography,6
A WOMAN OF NO IMPORTANCE,2020-05-17,biography & autobiography,7
THE HOUSE OF KENNEDY,2020-05-17,true crime,8
FRONT ROW AT THE TRUMP SHOW,2020-05-17,political science,10
SAPIENS,2020-05-17,science,11
DON'T BURN THIS BOOK,2020-05-17,political science,12
UNORTHODOX,2020-05-17,biography & autobiography,13
MORE MYSELF,2020-05-17,biography & autobiography,14
FORTITUDE,2020-05-17,political science,15
THE SPLENDID AND THE VILE,2020-04-12,history,1
UNTAMED,2020-04-12,biography & autobiography,2
EDUCATED,2020-04-12,biography & autobiography,3
LADY IN WAITING,2020-04-12,biography & autobiography,4
THE GREAT INFLUENZA,2020-04-12,history,5
THE OFFICE,2020-04-12,performing arts,6
OPEN BOOK,2020-04-12,music,8
BECOMING,2020-04-12,biography & autobiography,9
SAPIENS,2020-04-12,science,10
THE GIFT OF FORGIVENESS,2020-04-12,self-help,11
TALKING TO STRANGERS,2020-04-12,social science,12
THE BODY KEEPS THE SCORE,2020-04-12,medical,13
JUST MERCY,2020-04-12,law,14
SAY NOTHING,2020-04-12,true crime,15
DARK TOWERS,2020-03-08,business & economics,2
OPEN BOOK,2020-03-08,music,3
A VERY STABLE GENIUS,2020-03-08,political science,4
UN-TRUMPING AMERICA,2020-03-08,political science,5
UNTIL THE END OF TIME,2020-03-08,science,6
EDUCATED,2020-03-08,biography & autobiography,7
PROFILES IN CORRUPTION,2020-03-08,political science,8
ON TYRANNY,2020-03-08,political science,9
JUST MERCY,2020-03-08,law,10
TALKING TO STRANGERS,2020-03-08,social science,11
SAPIENS,2020-03-08,science,12
BECOMING,2020-03-08,biography & autobiography,13
THE BODY KEEPS THE SCORE,2020-03-08,medical,14
YOU NEVER FORGET YOUR FIRST,2020-03-08,biography & autobiography,15
JUST MERCY,2020-02-02,law,1
EDUCATED,2020-02-02,biography & autobiography,2
TIGHTROPE,2020-02-02,business & economics,3
RUNNING AGAINST THE DEVIL,2020-02-02,biography & autobiography,4
TALKING TO STRANGERS,2020-02-02,social science,5
BECOMING,2020-02-02,biography & autobiography,6
UNCANNY VALLEY,2020-02-02,biography & autobiography,7
MAYBE YOU SHOULD TALK TO SOMEONE,2020-02-02,biography & autobiography,8
CATCH AND KILL,2020-02-02,true crime,9
THE BODY KEEPS THE SCORE,2020-02-02,medical,10
SAPIENS,2020-02-02,science,11
WHY WE SLEEP,2020-02-02,science,12
SAY NOTHING,2020-02-02,history,13
AMERICAN OLIGARCHS,2020-02-02,political science,14
THE BODY,2020-02-02,science,15
EDUCATED,2019-12-29,biography & autobiography,1
ME,2019-12-29,biography & autobiography,2
BECOMING,2019-12-29,biography & autobiography,3
SAM HOUSTON AND THE ALAMO AVENGERS,2019-12-29,history,4
TALKING TO STRANGERS,2019-12-29,social science,5
THE BOOK OF GUTSY WOMEN,2019-12-29,biography & autobiography,6
THE BODY,2019-12-29,science,7
I HEARD YOU PAINT HOUSES,2019-12-29,true crime,8
FINDING CHIKA,2019-12-29,biography & autobiography,9
BLOWOUT,2019-12-29,political science,10
A WARNING,2019-12-29,political science,11
TRIGGERED,2019-12-29,political science,12
HOME WORK,2019-12-29,biography & autobiography,13
THE WAY I HEARD IT,2019-12-29,history,14
THE PIONEERS,2019-12-29,history,15
TRIGGERED,2019-11-24,political science,1
FINDING CHIKA,2019-11-24,biography & autobiography,2
SAM HOUSTON AND THE ALAMO AVENGERS,2019-11-24,history,3
ME,2019-11-24,biography & autobiography,4
ACID FOR THE CHILDREN,2019-11-24,music,5
TALKING TO STRANGERS,2019-11-24,social science,6
BLOWOUT,2019-11-24,political science,7
EDUCATED,2019-11-24,biography & autobiography,8
CATCH AND KILL,2019-11-24,true crime,9
THE BOOK OF GUTSY WOMEN,2019-11-24,biography & autobiography,10
THE BEAUTIFUL ONES,2019-11-24,biography & autobiography,11
THE MAN WHO SOLVED THE MARKET,2019-11-24,business & economics,12
I HEARD YOU PAINT HOUSES,2019-11-24,true crime,13
THE BODY,2019-11-24,science,14
MOBITUARIES,2019-11-24,biography & autobiography,15
BLOWOUT,2019-10-20,political science,1
THE BOOK OF GUTSY WOMEN,2019-10-20,biography & autobiography,2
TALKING TO STRANGERS,2019-10-20,social science,3
THE UNITED STATES OF TRUMP,2019-10-20,biography & autobiography,4
EDUCATED,2019-10-20,biography & autobiography,6
OVER THE TOP,2019-10-20,biography & autobiography,7
CALL SIGN CHAOS,2019-10-20,business & economics,8
PERMANENT RECORD,2019-10-20,biography & autobiography,9
ON TYRANNY,2019-10-20,political science,10
KNOW MY NAME,2019-10-20,biography & autobiography,11
WHERE DO I BEGIN?,2019-10-20,biography & autobiography,12
BECOMING,2019-10-20,biography & autobiography,13
WHEN LIFE GIVES YOU PEARS,2019-10-20,biography & autobiography,15
EDUCATED,2019-09-15,biography & autobiography,1
BECOMING,2019-09-15,biography & autobiography,2
"RADICALS, RESISTANCE AND REVENGE",2019-09-15,political science,3
BORN A CRIME,2019-09-15,biography & autobiography,4
THE PIONEERS,2019-09-15,history,5
THREE WOMEN,2019-09-15,history,6
MAYBE YOU SHOULD TALK TO SOMEONE,2019-09-15,biography & autobiography,7
SAPIENS,2019-09-15,science,8
HOW TO BE AN ANTIRACIST,2019-09-15,political science,9
TRICK MIRROR,2019-09-15,history,10
THANK YOU FOR MY SERVICE,2019-09-15,biography & autobiography,11
WHITE FRAGILITY,2019-09-15,social science,12
JUST MERCY,2019-09-15,law,13
THE BODY KEEPS THE SCORE,2019-09-15,medical,14
BETWEEN THE WORLD AND ME,2019-09-15,biography & autobiography,15
EDUCATED,2019-08-11,biography & autobiography,1
BECOMING,2019-08-11,biography & autobiography,2
THREE WOMEN,2019-08-11,history,3
THE PIONEERS,2019-08-11,history,4
THE MUELLER REPORT,2019-08-11,political science,5
HILLBILLY ELEGY,2019-08-11,social science,6
UNFREEDOM OF THE PRESS,2019-08-11,political science,7
JUSTICE ON TRIAL,2019-08-11,political science,8
SAPIENS,2019-08-11,science,9
BORN A CRIME,2019-08-11,biography & autobiography,10
AMERICAN CARNAGE,2019-08-11,political science,11
MAYBE YOU SHOULD TALK TO SOMEONE,2019-08-11,biography & autobiography,12
BECAUSE INTERNET,2019-08-11,social science,13
CRISIS IN THE RED ZONE,2019-08-11,health & fitness,14
THE BODY KEEPS THE SCORE,2019-08-11,medical,15
EDUCATED,2019-07-07,biography & autobiography,1
UNFREEDOM OF THE PRESS,2019-07-07,political science,2
THE PIONEERS,2019-07-07,history,3
BECOMING,2019-07-07,biography & autobiography,4
THE MUELLER REPORT,2019-07-07,political science,5
HOWARD STERN COMES AGAIN,2019-07-07,biography & autobiography,6
BORN A CRIME,2019-07-07,biography & autobiography,7
SAPIENS,2019-07-07,science,8
SONGS OF AMERICA,2019-07-07,history,9
KILLERS OF THE FLOWER MOON,2019-07-07,true crime,10
SEA STORIES,2019-07-07,history,11
MAYBE YOU SHOULD TALK TO SOMEONE,2019-07-07,biography & autobiography,12
THE MOMENT OF LIFT,2019-07-07,equality,13
THE CHOICE,2019-07-07,biography & autobiography,14
THE BRITISH ARE COMING,2019-07-07,history,15
HOWARD STERN COMES AGAIN,2019-06-02,biography & autobiography,1
THE PIONEERS,2019-06-02,history,2
EDUCATED,2019-06-02,biography & autobiography,3
BECOMING,2019-06-02,biography & autobiography,4
THE MUELLER REPORT,2019-06-02,political science,5
THE BRITISH ARE COMING,2019-06-02,history,6
THE MOMENT OF LIFT,2019-06-02,equality,7
FURIOUS HOURS,2019-06-02,biography & autobiography,8
SACRED DUTY,2019-06-02,history,9
THE SECOND MOUNTAIN,2019-06-02,social science,10
THE MUELLER REPORT,2019-06-02,political science,11
MAYBE YOU SHOULD TALK TO SOMEONE,2019-06-02,biography & autobiography,12
COMMANDER IN CHEAT,2019-06-02,sports & recreation,13
LIFE WILL BE THE DEATH OF ME,2019-06-02,biography & autobiography,14
SAPIENS,2019-06-02,science,15
LIFE WILL BE THE DEATH OF ME,2019-04-28,biography & autobiography,1
BECOMING,2019-04-28,biography & autobiography,2
EDUCATED,2019-04-28,biography & autobiography,3
MAYBE YOU SHOULD TALK TO SOMEONE,2019-04-28,biography & autobiography,4
THE MATRIARCH,2019-04-28,biography & autobiography,5
BAD BLOOD,2019-04-28,business & economics,6
THE RIGHT SIDE OF HISTORY,2019-04-28,social science,7
COMMANDER IN CHEAT,2019-04-28,sports & recreation,8
LADIES WHO PUNCH,2019-04-28,biography & autobiography,9
WORKING,2019-04-28,biography & autobiography,10
SAVE ME THE PLUMS,2019-04-28,biography & autobiography,11
BORN A CRIME,2019-04-28,biography & autobiography,12
THE HILL TO DIE ON,2019-04-28,biography & autobiography,13
CHARGED,2019-04-28,law,14
SAPIENS,2019-04-28,science,15
BECOMING,2019-03-24,biography & autobiography,1
THE CASE FOR TRUMP,2019-03-24,biography & autobiography,2
EDUCATED,2019-03-24,biography & autobiography,3
BORN A CRIME,2019-03-24,biography & autobiography,4
BAD BLOOD,2019-03-24,business & economics,5
THE UNINHABITABLE EARTH,2019-03-24,nature,6
THE THREAT,2019-03-24,biography & autobiography,7
SAY NOTHING,2019-03-24,history,8
SPEARHEAD,2019-03-24,history,9
SAPIENS,2019-03-24,science,10
WOMEN ROWING NORTH,2019-03-24,psychology,11
THE UNIVERSAL CHRIST,2019-03-24,religion,12
MOSTLY SUNNY,2019-03-24,biography & autobiography,13
MADAME FOURCADE'S SECRET WAR,2019-03-24,history,14
GRATEFUL AMERICAN,2019-03-24,actors,15
BECOMING,2019-02-17,biography & autobiography,1
EDUCATED,2019-02-17,biography & autobiography,2
TEAM OF VIPERS,2019-02-17,biography & autobiography,3
FROM THE GROUND UP,2019-02-17,biography & autobiography,4
LET ME FINISH,2019-02-17,political science,5
BAD BLOOD,2019-02-17,business & economics,6
THE FIRST CONSPIRACY,2019-02-17,history,7
SAPIENS,2019-02-17,science,8
WOMEN ROWING NORTH,2019-02-17,psychology,9
THE TRUTHS WE HOLD,2019-02-17,biography & autobiography,10
THE LIBRARY BOOK,2019-02-17,history,11
SHAMELESS,2019-02-17,religion,12
A SERIAL KILLER'S DAUGHTER,2019-02-17,biography & autobiography,13
FASCISM: A WARNING,2019-02-17,political science,14
MAID,2019-02-17,biography & autobiography,15
BECOMING,2019-01-13,biography & autobiography,1
EDUCATED,2019-01-13,biography & autobiography,2
THE POINT OF IT ALL,2019-01-13,political science,3
SAPIENS,2019-01-13,science,4
KILLING THE SS,2019-01-13,history,5
BAD BLOOD,2019-01-13,business & economics,6
GRANT,2019-01-13,biography & autobiography,7
CHURCHILL: WALKING WITH DESTINY,2019-01-13,biography & autobiography,8
BRIEF ANSWERS TO THE BIG QUESTIONS,2019-01-13,science,9
FEAR,2019-01-13,political science,10
THE INNOCENT MAN,2019-01-13,true crime,11
SHADE,2019-01-13,photography,12
LEADERSHIP,2019-01-13,history,13
THE FIFTH RISK,2019-01-13,political science,14
21 LESSONS FOR THE 21ST CENTURY,2019-01-13,history,15
BECOMING,2018-12-09,biography & autobiography,1
KILLING THE SS,2018-12-09,history,2
EDUCATED,2018-12-09,biography & autobiography,3
SHIP OF FOOLS,2018-12-09,political science,4
FACTFULNESS,2018-12-09,science,5
SAPIENS,2018-12-09,science,6
FEAR,2018-12-09,political science,7
CHURCHILL: WALKING WITH DESTINY,2018-12-09,biography & autobiography,8
LEADERSHIP,2018-12-09,history,9
IN PIECES,2018-12-09,biography & autobiography,10
SHADE,2018-12-09,photography,11
THE FIFTH RISK,2018-12-09,political science,12
THE LIBRARY BOOK,2018-12-09,history,13
BRIEF ANSWERS TO THE BIG QUESTIONS,2018-12-09,science,14
BEASTIE BOYS BOOK,2018-12-09,biography & autobiography,15
KILLING THE SS,2018-11-04,history,1
SHIP OF FOOLS,2018-11-04,political science,2
SHADE,2018-11-04,photography,3
BRIEF ANSWERS TO THE BIG QUESTIONS,2018-11-04,science,4
THIS WILL ONLY HURT A LITTLE,2018-11-04,biography & autobiography,5
FEAR,2018-11-04,political science,6
THE FIFTH RISK,2018-11-04,political science,7
EDUCATED,2018-11-04,biography & autobiography,8
PRESIDENTS OF WAR,2018-11-04,biography & autobiography,9
ALMOST EVERYTHING,2018-11-04,"body, mind & spirit",10
IN PIECES,2018-11-04,biography & autobiography,11
THE LIBRARY BOOK,2018-11-04,history,12
IN THE HURRICANE'S EYE,2018-11-04,history,13
LEADERSHIP,2018-11-04,history,14
RACING TO THE FINISH,2018-11-04,biography & autobiography,15
FEAR,2018-09-30,political science,1
EDUCATED,2018-09-30,biography & autobiography,2
THE RESTLESS WAVE,2018-09-30,biography & autobiography,3
21 LESSONS FOR THE 21ST CENTURY,2018-09-30,history,4
UNHINGED,2018-09-30,political science,5
ACCESSORY TO WAR,2018-09-30,science,6
THE RUSSIA HOAX,2018-09-30,political science,7
SAPIENS,2018-09-30,science,8
ASTROPHYSICS FOR PEOPLE IN A HURRY,2018-09-30,science,9
THE CODDLING OF THE AMERICAN MIND,2018-09-30,social science,10
EVERY DAY IS EXTRA,2018-09-30,biography & autobiography,11
CONTEMPT,2018-09-30,history,12
BAD BLOOD,2018-09-30,business & economics,13
GRIT,2018-09-30,self-help,14
"LIARS, LEAKERS AND LIBERALS",2018-09-30,political science,15
EVERYTHING TRUMP TOUCHES DIES,2018-08-26,political science,1
THE RUSSIA HOAX,2018-08-26,political science,2
EDUCATED,2018-08-26,biography & autobiography,3
"LIARS, LEAKERS AND LIBERALS",2018-08-26,political science,4
DOPESICK,2018-08-26,psychology,5
SAPIENS,2018-08-26,science,7
BLACK KLANSMAN,2018-08-26,biography & autobiography,8
BAD BLOOD,2018-08-26,business & economics,9
INDIANAPOLIS,2018-08-26,history,10
KITCHEN CONFIDENTIAL,2018-08-26,biography & autobiography,11
CALYPSO,2018-08-26,humor,12
KILLERS OF THE FLOWER MOON,2018-08-26,true crime,13
NINETY-NINE GLIMPSES OF PRINCESS MARGARET,2018-08-26,biography & autobiography,14
THE SOUL OF AMERICA,2018-08-26,history,15
THINGS THAT MATTER,2018-07-22,political science,1
CALYPSO,2018-07-22,humor,2
KITCHEN CONFIDENTIAL,2018-07-22,biography & autobiography,3
EDUCATED,2018-07-22,biography & autobiography,4
THE SOUL OF AMERICA,2018-07-22,history,5
BAD BLOOD,2018-07-22,business & economics,6
KILLERS OF THE FLOWER MOON,2018-07-22,true crime,7
SAPIENS,2018-07-22,science,8
HOW TO CHANGE YOUR MIND,2018-07-22,"body, mind & spirit",9
BARRACOON,2018-07-22,social science,10
THE PLOT TO DESTROY DEMOCRACY,2018-07-22,political science,11
HILLBILLY ELEGY,2018-07-22,social science,12
ASTROPHYSICS FOR PEOPLE IN A HURRY,2018-07-22,science,13
LINCOLN'S LAST TRIAL,2018-07-22,biography & autobiography,14
I'LL BE GONE IN THE DARK,2018-07-22,true crime,15
CALYPSO,2018-06-17,humor,1
THE SOUL OF AMERICA,2018-06-17,history,2
THE RESTLESS WAVE,2018-06-17,biography & autobiography,3
A HIGHER LOYALTY,2018-06-17,biography & autobiography,4
HOW TO CHANGE YOUR MIND,2018-06-17,"body, mind & spirit",5
EDUCATED,2018-06-17,biography & autobiography,7
KILLERS OF THE FLOWER MOON,2018-06-17,true crime,8
BAD BLOOD,2018-06-17,business & economics,9
SAPIENS,2018-06-17,science,11
BARRACOON,2018-06-17,social science,12
HILLBILLY ELEGY,2018-06-17,social science,13
I'LL BE GONE IN THE DARK,2018-06-17,true crime,14
FACTFULNESS,2018-06-17,business & economics,15
A HIGHER LOYALTY,2018-05-13,biography & autobiography,1
WAR ON PEACE,2018-05-13,political science,3
KILLERS OF THE FLOWER MOON,2018-05-13,true crime,5
FASCISM: A WARNING,2018-05-13,political science,6
THE LIGHT WITHIN ME,2018-05-13,biography & autobiography,7
EDUCATED,2018-05-13,biography & autobiography,8
CHASING HILLARY,2018-05-13,biography & autobiography,9
GO ASK ALI,2018-05-13,humor,10
MEASURE WHAT MATTERS,2018-05-13,business & economics,11
ASTROPHYSICS FOR PEOPLE IN A HURRY,2018-05-13,science,13
THE GIRL WHO SMILED BEADS,2018-05-13,biography & autobiography,14
US VS. THEM,2018-05-13,political science,15
SECRET EMPIRES,2018-04-08,political science,1
RUSSIAN ROULETTE,2018-04-08,political science,2
EDUCATED,2018-04-08,biography & autobiography,3
FIRE AND FURY,2018-04-08,political science,4
I'LL BE GONE IN THE DARK,2018-04-08,true crime,5
A BRIEF HISTORY OF TIME,2018-04-08,science,6
ASTROPHYSICS FOR PEOPLE IN A HURRY,2018-04-08,science,7
ENLIGHTENMENT NOW,2018-04-08,psychology,8
PRETTY MESS,2018-04-08,biography & autobiography,9
KILLERS OF THE FLOWER MOON,2018-04-08,true crime,10
OBAMA,2018-04-08,photography,12
THE LAST BLACK UNICORN,2018-04-08,humor,13
BORN A CRIME,2018-04-08,biography & autobiography,14
IN THE SHADOW OF STATUES,2018-04-08,art,15
FIRE AND FURY,2018-03-04,political science,1
ENLIGHTENMENT NOW,2018-03-04,psychology,2
ASTROPHYSICS FOR PEOPLE IN A HURRY,2018-03-04,science,3
ALL-AMERICAN MURDER,2018-03-04,true crime,4
EVERYTHING HAPPENS FOR A REASON,2018-03-04,biography & autobiography,5
ALL THE PIECES MATTER,2018-03-04,performing arts,6
KILLERS OF THE FLOWER MOON,2018-03-04,true crime,7
HORSE SOLDIERS,2018-03-04,biography & autobiography,8
LEONARDO DA VINCI,2018-03-04,art,9
LOST CONNECTIONS,2018-03-04,self-help,10
"PROMISE ME, DAD",2018-03-04,biography & autobiography,11
WALLIS IN LOVE,2018-03-04,biography & autobiography,12
OBAMA,2018-03-04,photography,13
WHEN,2018-03-04,business & economics,14
THE LAST BLACK UNICORN,2018-03-04,humor,15
FIRE AND FURY,2018-01-28,political science,1
WHEN,2018-01-28,business & economics,2
ASTROPHYSICS FOR PEOPLE IN A HURRY,2018-01-28,science,3
LEONARDO DA VINCI,2018-01-28,art,4
THE LAST BLACK UNICORN,2018-01-28,humor,5
HORSE SOLDIERS,2018-01-28,"afghan war, 2001-2021",6
GRANT,2018-01-28,biography & autobiography,7
KILLERS OF THE FLOWER MOON,2018-01-28,true crime,8
HILLBILLY ELEGY,2018-01-28,social science,9
SINGLE STATE OF MIND,2018-01-28,biography & autobiography,10
ANDREW JACKSON AND THE MIRACLE OF NEW ORLEANS,2018-01-28,history,11
"PROMISE ME, DAD",2018-01-28,biography & autobiography,12
SAPIENS,2018-01-28,science,13
WHEN BREATH BECOMES AIR,2018-01-28,biography & autobiography,14
HOME SWEET MURDER,2018-01-28,true crime,15
LEONARDO DA VINCI,2017-12-24,art,1
GRANT,2017-12-24,biography & autobiography,2
LET TRUMP BE TRUMP,2017-12-24,political science,3
ANDREW JACKSON AND THE MIRACLE OF NEW ORLEANS,2017-12-24,history,4
OBAMA,2017-12-24,photography,5
ASTROPHYSICS FOR PEOPLE IN A HURRY,2017-12-24,science,6
KILLING ENGLAND,2017-12-24,history,7
BOBBY KENNEDY,2017-12-24,biography & autobiography,8
"PROMISE ME, DAD",2017-12-24,biography & autobiography,9
THE LAST BLACK UNICORN,2017-12-24,humor,10
KILLERS OF THE FLOWER MOON,2017-12-24,true crime,11
NATURAL DISASTER,2017-12-24,biography & autobiography,12
SISTERS FIRST,2017-12-24,biography & autobiography,13
WHAT HAPPENED,2017-12-24,biography & autobiography,14
COLLUSION,2017-12-24,political science,15
LEONARDO DA VINCI,2017-11-19,art,1
BOBBY KENNEDY,2017-11-19,biography & autobiography,2
ANDREW JACKSON AND THE MIRACLE OF NEW ORLEANS,2017-11-19,history,3
SISTERS FIRST,2017-11-19,biography & autobiography,4
GRANT,2017-11-19,biography & autobiography,5
KILLING ENGLAND,2017-11-19,history,6
WHAT HAPPENED,2017-11-19,biography & autobiography,7
WE'RE GOING TO NEED MORE WINE,2017-11-19,biography & autobiography,8
HILLBILLY ELEGY,2017-11-19,social science,9
WE WERE EIGHT YEARS IN POWER,2017-11-19,biography & autobiography,10
MARTIN LUTHER,2017-11-19,biography & autobiography,11
ASTROPHYSICS FOR PEOPLE IN A HURRY,2017-11-19,science,12
WHAT DOES THIS BUTTON DO?,2017-11-19,biography & autobiography,13
ENDURANCE,2017-11-19,biography & autobiography,14
SAME KIND OF DIFFERENT AS ME,2017-11-19,african americans,15
KILLING ENGLAND,2017-10-15,history,1
WHAT HAPPENED,2017-10-15,biography & autobiography,2
UNBELIEVABLE,2017-10-15,political science,3
HIT REFRESH,2017-10-15,biography & autobiography,4
ASTROPHYSICS FOR PEOPLE IN A HURRY,2017-10-15,science,5
THE GLASS CASTLE,2017-10-15,biography & autobiography,6
THE PARADIGM,2017-10-15,religion,7
HILLBILLY ELEGY,2017-10-15,social science,8
THE AUTOBIOGRAPHY OF GUCCI MANE,2017-10-15,biography & autobiography,9
THE SMEAR,2017-10-15,political science,10
THE LOST CITY OF THE MONKEY GOD,2017-10-15,history,11
"AL FRANKEN, GIANT OF THE SENATE",2017-10-15,biography & autobiography,12
KILLERS OF THE FLOWER MOON,2017-10-15,true crime,13
THE LAST CASTLE,2017-10-15,architecture,14
FANTASYLAND,2017-10-15,history,15
THE GLASS CASTLE,2017-09-10,biography & autobiography,1
HILLBILLY ELEGY,2017-09-10,social science,2
ASTROPHYSICS FOR PEOPLE IN A HURRY,2017-09-10,science,3
"AL FRANKEN, GIANT OF THE SENATE",2017-09-10,biography & autobiography,4
WHY BUDDHISM IS TRUE,2017-09-10,philosophy,5
KILLERS OF THE FLOWER MOON,2017-09-10,true crime,6
TEAM OF RIVALS,2017-09-10,biography & autobiography,7
HELGA'S DIARY,2017-09-10,biography & autobiography,8
DEVIL'S BARGAIN,2017-09-10,biography & autobiography,9
THE BIG LIE,2017-09-10,political science,10
SCRAPPY LITTLE NOBODY,2017-09-10,biography & autobiography,11
JUST MERCY,2017-09-10,law,12
OPTION B,2017-09-10,biography & autobiography,13
SAPIENS,2017-09-10,science,14
BETWEEN THE WORLD AND ME,2017-09-10,biography & autobiography,15
DEVIL'S BARGAIN,2017-08-06,biography & autobiography,1
HILLBILLY ELEGY,2017-08-06,social science,2
ASTROPHYSICS FOR PEOPLE IN A HURRY,2017-08-06,science,3
"AL FRANKEN, GIANT OF THE SENATE",2017-08-06,biography & autobiography,4
DANGEROUS,2017-08-06,humor,5
THE GLASS CASTLE,2017-08-06,biography & autobiography,6
REDISCOVERING AMERICANISM,2017-08-06,political science,7
THE OPERATOR,2017-08-06,history,9
KILLERS OF THE FLOWER MOON,2017-08-06,true crime,10
UNDERSTANDING TRUMP,2017-08-06,political science,11
OPTION B,2017-08-06,biography & autobiography,12
BORN A CRIME,2017-08-06,biography & autobiography,13
HUE 1968,2017-08-06,history,14
YOU DON'T HAVE TO SAY YOU LOVE ME,2017-08-06,biography & autobiography,15
UNDERSTANDING TRUMP,2017-07-02,political science,1
"AL FRANKEN, GIANT OF THE SENATE",2017-07-02,biography & autobiography,2
ASTROPHYSICS FOR PEOPLE IN A HURRY,2017-07-02,science,3
I CAN'T MAKE THIS UP,2017-07-02,biography & autobiography,4
HILLBILLY ELEGY,2017-07-02,social science,5
HUNGER,2017-07-02,biography & autobiography,6
THEFT BY FINDING,2017-07-02,humor,7
BILL O'REILLY'S LEGENDS AND LIES: THE CIVIL WAR,2017-07-02,biography & autobiography,8
HUE 1968,2017-07-02,history,9
OPTION B,2017-07-02,biography & autobiography,10
KILLERS OF THE FLOWER MOON,2017-07-02,true crime,11
THE AMERICAN SPIRIT,2017-07-02,history,12
ON TYRANNY,2017-07-02,political science,13
NO IS NOT ENOUGH,2017-07-02,political science,14
YOU DON'T HAVE TO SAY YOU LOVE ME,2017-07-02,biography & autobiography,15
ASTROPHYSICS FOR PEOPLE IN A HURRY,2017-05-28,science,1
OPTION B,2017-05-28,biography & autobiography,2
SHATTERED,2017-05-28,biography & autobiography,3
DEMOCRACY,2017-05-28,political science,4
KILLERS OF THE FLOWER MOON,2017-05-28,true crime,5
HILLBILLY ELEGY,2017-05-28,social science,6
THE ZOOKEEPERS WIFE,2017-05-28,history,7
JACKIE'S GIRL,2017-05-28,biography & autobiography,8
THE OPERATOR,2017-05-28,biography & autobiography,9
THE AMERICAN SPIRIT,2017-05-28,history,10
TEAMMATE,2017-05-28,biography & autobiography,11
THIS FIGHT IS OUR FIGHT,2017-05-28,biography & autobiography,12
THE MAGNOLIA STORY,2017-05-28,biography & autobiography,13
BLACK PRIVILEGE,2017-05-28,biography & autobiography,14
RISING STAR,2017-05-28,biography & autobiography,15
OLD SCHOOL,2017-04-23,biography & autobiography,1
THE ZOOKEEPERS WIFE,2017-04-23,history,2
HALLELUJAH ANYWAY,2017-04-23,"body, mind & spirit",3
HILLBILLY ELEGY,2017-04-23,social science,4
THE MOST BEAUTIFUL,2017-04-23,biography & autobiography,5
HIDDEN FIGURES,2017-04-23,history,6
ON TYRANNY,2017-04-23,political science,7
PRINCE CHARLES,2017-04-23,biography & autobiography,8
NEVERTHELESS,2017-04-23,biography & autobiography,9
KILLING THE RISING SUN,2017-04-23,history,10
WHEN BREATH BECOMES AIR,2017-04-23,biography & autobiography,11
BALLPLAYER,2017-04-23,biography & autobiography,12
BIG AGENDA,2017-04-23,political science,13
SAPIENS,2017-04-23,science,14
THE MAGNOLIA STORY,2017-04-23,biography & autobiography,15
PORTRAITS OF COURAGE,2017-03-19,biography & autobiography,1
HIDDEN FIGURES,2017-03-19,history,2
HILLBILLY ELEGY,2017-03-19,social science,3
KILLING THE RISING SUN,2017-03-19,history,4
DERELICTION OF DUTY,2017-03-19,history,5
THE ZOOKEEPERS WIFE,2017-03-19,history,6
SAPIENS,2017-03-19,science,7
THE BOOK OF JOY,2017-03-19,self-help,8
THE MAGNOLIA STORY,2017-03-19,biography & autobiography,9
WHEN BREATH BECOMES AIR,2017-03-19,biography & autobiography,10
LION,2017-03-19,biography & autobiography,11
HOMO DEUS,2017-03-19,science,12
BIG AGENDA,2017-03-19,political science,13
THIS LIFE I LIVE,2017-03-19,biography & autobiography,14
ALEXANDER HAMILTON,2017-03-19,biography & autobiography,15
HIDDEN FIGURES,2017-02-12,history,1
HILLBILLY ELEGY,2017-02-12,social science,2
KILLING THE RISING SUN,2017-02-12,history,3
THREE DAYS IN JANUARY,2017-02-12,biography & autobiography,4
THE MAGNOLIA STORY,2017-02-12,biography & autobiography,5
THE LOST CITY OF THE MONKEY GOD,2017-02-12,history,6
ALEXANDER HAMILTON,2017-02-12,biography & autobiography,7
WHEN BREATH BECOMES AIR,2017-02-12,biography & autobiography,8
THE UNDOING PROJECT,2017-02-12,science,9
THE BOOK OF JOY,2017-02-12,self-help,10
BORN A CRIME,2017-02-12,biography & autobiography,11
INSANE CLOWN PRESIDENT,2017-02-12,history,12
GOSNELL,2017-02-12,true crime,13
THANK YOU FOR BEING LATE,2017-02-12,political science,14
KILLING THE RISING SUN,2017-01-08,history,1
THE MAGNOLIA STORY,2017-01-08,biography & autobiography,2
BORN TO RUN,2017-01-08,biography & autobiography,3
HILLBILLY ELEGY,2017-01-08,social science,4
THE UNDOING PROJECT,2017-01-08,science,5
SETTLE FOR MORE,2017-01-08,biography & autobiography,6
HAMILTON: THE REVOLUTION,2017-01-08,performing arts,7
ALEXANDER HAMILTON,2017-01-08,biography & autobiography,8
BORN A CRIME,2017-01-08,biography & autobiography,9
THANK YOU FOR BEING LATE,2017-01-08,political science,10
WHEN BREATH BECOMES AIR,2017-01-08,biography & autobiography,11
TALKING AS FAST AS I CAN,2017-01-08,biography & autobiography,12
THE BOOK OF JOY,2017-01-08,self-help,13
SHAKEN,2017-01-08,psychology,14
HIDDEN FIGURES,2017-01-08,history,15
THE GIRL WITH THE LOWER BACK TATTOO,2017-01-08,biography & autobiography,16
ALL THE GALLANT MEN,2017-01-08,biography & autobiography,17
OUR REVOLUTION,2017-01-08,biography & autobiography,18
THE DAILY SHOW (THE BOOK),2017-01-08,performing arts,19
SCRAPPY LITTLE NOBODY,2017-01-08,biography & autobiography,20
SETTLE FOR MORE,2016-12-04,biography & autobiography,1
KILLING THE RISING SUN,2016-12-04,history,2
OUR REVOLUTION,2016-12-04,biography & autobiography,3
HILLBILLY ELEGY,2016-12-04,social science,4
SCRAPPY LITTLE NOBODY,2016-12-04,biography & autobiography,5
SUPERFICIAL,2016-12-04,biography & autobiography,6
THE MAGNOLIA STORY,2016-12-04,biography & autobiography,7
BORN A CRIME,2016-12-04,biography & autobiography,8
BORN TO RUN,2016-12-04,biography & autobiography,9
ALEXANDER HAMILTON,2016-12-04,biography & autobiography,10
THOMAS JEFFERSON AND THE TRIPOLI PIRATES,2016-12-04,history,11
HAMILTON: THE REVOLUTION,2016-12-04,performing arts,12
STRANGERS IN THEIR OWN LAND,2016-12-04,political science,13
THE BOOK OF JOY,2016-12-04,self-help,14
BETWEEN THE WORLD AND ME,2016-12-04,biography & autobiography,15
TESTIMONY,2016-12-04,biography & autobiography,16
WHEN BREATH BECOMES AIR,2016-12-04,biography & autobiography,17
SHAKEN,2016-12-04,psychology,18
WHITE TRASH,2016-12-04,history,19
THE ROAD TO RUIN,2016-12-04,business & economics,20
KILLING THE RISING SUN,2016-10-30,history,1
BORN TO RUN,2016-10-30,biography & autobiography,2
FILTHY RICH,2016-10-30,true crime,3
HILLBILLY ELEGY,2016-10-30,social science,4
LOVE WARRIOR,2016-10-30,biography & autobiography,5
HUNGRY HEART,2016-10-30,biography & autobiography,6
THE GIRL WITH THE LOWER BACK TATTOO,2016-10-30,biography & autobiography,7
HERO OF THE EMPIRE,2016-10-30,"south african war, 1899-1902",8
A LIFE IN PARTS,2016-10-30,biography & autobiography,9
MY OWN WORDS,2016-10-30,biography & autobiography,10
ALEXANDER HAMILTON,2016-10-30,biography & autobiography,11
WHEN BREATH BECOMES AIR,2016-10-30,biography & autobiography,12
I AM BRIAN WILSON,2016-10-30,biography & autobiography,13
A TORCH KEPT LIT,2016-10-30,biography & autobiography,14
GUILTY AS SIN,2016-10-30,political science,15
A LIFE WELL PLAYED,2016-10-30,biography & autobiography,16
UPSTREAM,2016-10-30,literary collections,17
THE GENERAL VS. THE PRESIDENT,2016-10-30,biography & autobiography,18
THE HIDDEN LIFE OF TREES,2016-10-30,nature,19
HAMILTON: THE REVOLUTION,2016-10-30,performing arts,20
LOVE WARRIOR,2016-09-25,biography & autobiography,1
THE GIRL WITH THE LOWER BACK TATTOO,2016-09-25,biography & autobiography,2
HILLBILLY ELEGY,2016-09-25,social science,3
WHEN BREATH BECOMES AIR,2016-09-25,biography & autobiography,4
ALEXANDER HAMILTON,2016-09-25,biography & autobiography,5
SULLY,2016-09-25,biography & autobiography,6
SAPIENS,2016-09-25,science,7
HIDDEN FIGURES,2016-09-25,history,8
BEST. STATE. EVER,2016-09-25,history,9
THE PIGEON TUNNEL,2016-09-25,cold war,10
BETWEEN THE WORLD AND ME,2016-09-25,biography & autobiography,11
THE RED BANDANNA,2016-09-25,biography & autobiography,12
THE BOYS IN THE BOAT,2016-09-25,sports & recreation,13
HAMILTON: THE REVOLUTION,2016-09-25,performing arts,14
ARMAGEDDON,2016-09-25,political science,15
THE PERFECT HORSE,2016-09-25,nature,16
GRIT,2016-09-25,business & economics,17
CLEAN HOUSE,2016-09-25,biography & autobiography,18
"CARRY ON, WARRIOR",2016-09-25,biography & autobiography,19
CRISIS OF CHARACTER,2016-09-25,political science,20
HILLARY'S AMERICA,2016-08-21,political science,1
LIARS,2016-08-21,political science,2
CRISIS OF CHARACTER,2016-08-21,political science,3
HILLBILLY ELEGY,2016-08-21,social science,4
ARMAGEDDON,2016-08-21,political science,5
THE BOYS IN THE BOAT,2016-08-21,sports & recreation,6
WHEN BREATH BECOMES AIR,2016-08-21,biography & autobiography,7
ALEXANDER HAMILTON,2016-08-21,biography & autobiography,8
AMERICAN HEIRESS,2016-08-21,biography & autobiography,9
MODERN ROMANCE,2016-08-21,humor,10
HAMILTON: THE REVOLUTION,2016-08-21,performing arts,11
BETWEEN THE WORLD AND ME,2016-08-21,biography & autobiography,12
IT GETS WORSE,2016-08-21,biography & autobiography,13
THE MAKING OF DONALD TRUMP,2016-08-21,political science,14
PRESTO!,2016-08-21,biography & autobiography,15
SHOE DOG,2016-08-21,biography & autobiography,16
THE WAR ON COPS,2016-08-21,crime prevention,17
BILL O'REILLY'S LEGENDS AND LIES: THE PATRIOTS,2016-08-21,biography & autobiography,19
GRIT,2016-08-21,business & economics,20
CRISIS OF CHARACTER,2016-07-17,political science,1
ALEXANDER HAMILTON,2016-07-17,biography & autobiography,2
WHEN BREATH BECOMES AIR,2016-07-17,biography & autobiography,3
BILL O'REILLY'S LEGENDS AND LIES: THE PATRIOTS,2016-07-17,biography & autobiography,4
MY LUCKY LIFE IN AND OUT OF SHOW BUSINESS,2016-07-17,biography & autobiography,5
HAMILTON: THE REVOLUTION,2016-07-17,performing arts,6
GRIT,2016-07-17,business & economics,7
TRIBE,2016-07-17,social science,8
WAKE UP AMERICA,2016-07-17,biography & autobiography,9
THE BOYS IN THE BOAT,2016-07-17,sports & recreation,10
HOUSE OF NAILS,2016-07-17,biography & autobiography,11
THE RAINBOW COMES AND GOES,2016-07-17,biography & autobiography,12
WHITE TRASH,2016-07-17,history,13
GRUNT,2016-07-17,science,14
BETWEEN THE WORLD AND ME,2016-07-17,biography & autobiography,16
JUST MERCY,2016-07-17,law,17
THE ROMANOVS,2016-07-17,biography & autobiography,18
BUT WHAT IF WE'RE WRONG?,2016-07-17,biography & autobiography,19
SHOE DOG,2016-07-17,biography & autobiography,20
WHEN BREATH BECOMES AIR,2016-06-12,biography & autobiography,1
THE GENE,2016-06-12,history,2
GRIT,2016-06-12,business & economics,3
ALEXANDER HAMILTON,2016-06-12,biography & autobiography,4
TRIBE,2016-06-12,social science,5
BILL O'REILLY'S LEGENDS AND LIES: THE PATRIOTS,2016-06-12,biography & autobiography,6
HAMILTON: THE REVOLUTION,2016-06-12,performing arts,7
SHOE DOG,2016-06-12,biography & autobiography,8
VALIANT AMBITION,2016-06-12,biography & autobiography,9
THE RAINBOW COMES AND GOES,2016-06-12,biography & autobiography,10
THE BOYS IN THE BOAT,2016-06-12,sports & recreation,11
FIVE PRESIDENTS,2016-06-12,biography & autobiography,12
SAPIENS,2016-06-12,science,13
THE WRIGHT BROTHERS,2016-06-12,biography & autobiography,14
IT'S NOT OKAY,2016-06-12,biography & autobiography,15
BETWEEN THE WORLD AND ME,2016-06-12,biography & autobiography,16
BARE BONES,2016-06-12,biography & autobiography,17
DEAD WAKE,2016-06-12,history,18
THE ROMANOVS,2016-06-12,biography & autobiography,19
I AM MALALA,2016-06-12,biography & autobiography,20
THE RAINBOW COMES AND GOES,2016-05-08,biography & autobiography,1
THE SLEEP REVOLUTION,2016-05-08,health & fitness,2
WHEN BREATH BECOMES AIR,2016-05-08,biography & autobiography,3
THOMAS JEFFERSON AND THE TRIPOLI PIRATES,2016-05-08,history,4
ALEXANDER HAMILTON,2016-05-08,biography & autobiography,5
DEAD WAKE,2016-05-08,history,6
THE THIRD WAVE,2016-05-08,biography & autobiography,7
HAMILTON: THE REVOLUTION,2016-05-08,performing arts,8
THE BOYS IN THE BOAT,2016-05-08,sports & recreation,9
FIRST WOMEN,2016-05-08,history,11
BETWEEN THE WORLD AND ME,2016-05-08,biography & autobiography,12
SMARTER FASTER BETTER,2016-05-08,business & economics,13
GAME OF CROWNS,2016-05-08,biography & autobiography,14
BEING MORTAL,2016-05-08,family & relationships,15
SEVEN BRIEF LESSONS ON PHYSICS,2016-05-08,science,16
CONTAGIOUS,2016-05-08,business & economics,17
LOVE THAT BOY,2016-05-08,biography & autobiography,18
BECOMING GRANDMA,2016-05-08,biography & autobiography,19
PARIS IN LOVE,2016-05-08,biography & autobiography,20
WHEN BREATH BECOMES AIR,2016-04-03,biography & autobiography,1
NEITHER HERE NOR THERE,2016-04-03,travel,2
DARK MONEY,2016-04-03,billionaires,3
MIRACLES FROM HEAVEN,2016-04-03,biography & autobiography,4
ALEXANDER HAMILTON,2016-04-03,biography & autobiography,5
SMARTER FASTER BETTER,2016-04-03,business & economics,6
BETWEEN THE WORLD AND ME,2016-04-03,biography & autobiography,7
THE BOYS IN THE BOAT,2016-04-03,sports & recreation,8
THE IMMORTAL IRISHMAN,2016-04-03,biography & autobiography,9
ROSEMARY,2016-04-03,biography & autobiography,10
BEING MORTAL,2016-04-03,family & relationships,11
THE BIG SHORT,2016-04-03,economics,12
NOTES FROM A SMALL ISLAND,2016-04-03,travel,13
OUTLAW PLATOON,2016-04-03,history,14
"LOVE, LOSS, AND WHAT WE ATE",2016-04-03,biography & autobiography,15
H IS FOR HAWK,2016-04-03,nature,16
I AM MALALA,2016-04-03,biography & autobiography,17
SEVEN BRIEF LESSONS ON PHYSICS,2016-04-03,science,18
AND THEN ALL HELL BROKE LOOSE,2016-04-03,biography & autobiography,19
THE LEGENDS CLUB,2016-04-03,basketball coaches,20
WHEN BREATH BECOMES AIR,2016-02-28,biography & autobiography,1
TURNING THE TABLES,2016-02-28,biography & autobiography,2
BETWEEN THE WORLD AND ME,2016-02-28,biography & autobiography,3
THE NAME OF GOD IS MERCY,2016-02-28,religion,4
THE ROAD TO LITTLE DRIBBLING,2016-02-28,great britain,5
13 HOURS,2016-02-28,history,6
ORIGINALS,2016-02-28,business & economics,7
DARK MONEY,2016-02-28,billionaires,8
KILLING REAGAN,2016-02-28,biography & autobiography,9
AND THEN ALL HELL BROKE LOOSE,2016-02-28,political science,10
THE BOYS IN THE BOAT,2016-02-28,sports & recreation,11
IN OTHER WORDS,2016-02-28,biography & autobiography,12
THOMAS JEFFERSON AND THE TRIPOLI PIRATES,2016-02-28,biography & autobiography,13
BEING MORTAL,2016-02-28,family & relationships,14
WEST OF EDEN,2016-02-28,biography & autobiography,15
THE BIG SHORT,2016-02-28,economics,16
THOMAS JEFFERSON,2016-02-28,biography & autobiography,17
ALEXANDER HAMILTON,2016-02-28,biography & autobiography,18
THE VATICAN PIMPERNEL,2016-02-28,history,19
THE DEVIL IN THE WHITE CITY,2016-02-28,history,20
BETWEEN THE WORLD AND ME,2016-01-24,biography & autobiography,1
THE BIG SHORT,2016-01-24,economics,2
13 HOURS,2016-01-24,history,3
THOMAS JEFFERSON AND THE TRIPOLI PIRATES,2016-01-24,biography & autobiography,4
KILLING REAGAN,2016-01-24,biography & autobiography,5
LADY ALMINA AND THE REAL DOWNTON ABBEY,2016-01-24,biography & autobiography,6
THE BOYS IN THE BOAT,2016-01-24,sports & recreation,7
BEING MORTAL,2016-01-24,family & relationships,9
I AM MALALA,2016-01-24,biography & autobiography,10
BLACK HAWK DOWN,2016-01-24,history,11
DEAD WAKE,2016-01-24,history,12
YES PLEASE,2016-01-24,humor,13
MODERN ROMANCE,2016-01-24,humor,14
THE WRIGHT BROTHERS,2016-01-24,biography & autobiography,15
WHY NOT ME?,2016-01-24,biography & autobiography,16
ALEXANDER HAMILTON,2016-01-24,biography & autobiography,17
H IS FOR HAWK,2016-01-24,biography & autobiography,18
WHAT IF?,2016-01-24,fiction,19
THE DEVIL IN THE WHITE CITY,2016-01-24,history,20
HUMANS OF NEW YORK: STORIES,2015-12-20,biography & autobiography,1
KILLING REAGAN,2015-12-20,biography & autobiography,2
THOMAS JEFFERSON AND THE TRIPOLI PIRATES,2015-12-20,biography & autobiography,3
BETWEEN THE WORLD AND ME,2015-12-20,biography & autobiography,4
DESTINY AND POWER,2015-12-20,biography & autobiography,5
BOYS IN THE TREES,2015-12-20,biography & autobiography,6
THE BOYS IN THE BOAT,2015-12-20,sports & recreation,7
WHY NOT ME?,2015-12-20,biography & autobiography,8
TROUBLEMAKER,2015-12-20,autobiographies,9
SPQR,2015-12-20,history,10
THE WITCHES,2015-12-20,history,11
WHAT IF?,2015-12-20,fiction,12
HUMANS OF NEW YORK,2015-12-20,history,13
THE WRIGHT BROTHERS,2015-12-20,biography & autobiography,14
SUCH GOOD GIRLS,2015-12-20,biography & autobiography,15
I AM MALALA,2015-12-20,biography & autobiography,16
IN THE HEART OF THE SEA,2015-12-20,biography & autobiography,17
CRIPPLED AMERICA,2015-12-20,political science,18
LIGHTS OUT,2015-12-20,business & economics,19
YES PLEASE,2015-12-20,humor,20
KILLING REAGAN,2015-11-15,biography & autobiography,1
THE WITCHES,2015-11-15,history,2
EXTREME OWNERSHIP,2015-11-15,biography & autobiography,3
GOVERNMENT ZERO,2015-11-15,political science,4
A MORE PERFECT UNION,2015-11-15,law,5
BINGE,2015-11-15,humor,6
WILDFLOWER,2015-11-15,biography & autobiography,7
LIGHTS OUT,2015-11-15,business & economics,8
NOTORIOUS RBG,2015-11-15,biography & autobiography,9
BETWEEN THE WORLD AND ME,2015-11-15,biography & autobiography,10
HUNGER MAKES ME A MODERN GIRL,2015-11-15,autobiographies,11
THE BOYS IN THE BOAT,2015-11-15,sports & recreation,12
MY LIFE ON THE ROAD,2015-11-15,biography & autobiography,13
HUMANS OF NEW YORK: STORIES,2015-11-15,biography & autobiography,14
WHY NOT ME?,2015-11-15,biography & autobiography,15
I AM MALALA,2015-11-15,biography & autobiography,16
M TRAIN,2015-11-15,biography & autobiography,17
BRIDGE OF SPIES,2015-11-15,history,18
BEING MORTAL,2015-11-15,family & relationships,19
FURIOUSLY HAPPY,2015-11-15,biography & autobiography,20
KILLING REAGAN,2015-10-11,biography & autobiography,1
WHY NOT ME?,2015-10-11,biography & autobiography,2
FURIOUSLY HAPPY,2015-10-11,biography & autobiography,3
THE BOYS IN THE BOAT,2015-10-11,sports & recreation,4
BETWEEN THE WORLD AND ME,2015-10-11,biography & autobiography,5
A WALK IN THE WOODS,2015-10-11,travel,6
THE WRIGHT BROTHERS,2015-10-11,biography & autobiography,7
BEING MORTAL,2015-10-11,family & relationships,8
1944,2015-10-11,biography & autobiography,10
I AM MALALA,2015-10-11,biography & autobiography,11
MODERN ROMANCE,2015-10-11,humor,12
BLACK MASS,2015-10-11,true crime,13
FAST GIRL,2015-10-11,biography & autobiography,14
IT IS ABOUT ISLAM,2015-10-11,political science,15
PLUNDER AND DECEIT,2015-10-11,political science,16
DEAD WAKE,2015-10-11,history,17
THE DEVIL IN THE WHITE CITY,2015-10-11,history,18
THE REAGAN DIARIES,2015-10-11,political science,19
ACCIDENTAL SAINTS,2015-10-11,biography & autobiography,20
IT IS ABOUT ISLAM,2015-09-06,political science,1
PLUNDER AND DECEIT,2015-09-06,political science,2
BETWEEN THE WORLD AND ME,2015-09-06,biography & autobiography,3
THE BOYS IN THE BOAT,2015-09-06,sports & recreation,4
THE DEVIL IN THE WHITE CITY,2015-09-06,history,5
DEAD WAKE,2015-09-06,history,6
THE WRIGHT BROTHERS,2015-09-06,biography & autobiography,7
MODERN ROMANCE,2015-09-06,humor,8
A WALK IN THE WOODS,2015-09-06,travel,9
ETCHED IN SAND,2015-09-06,family & relationships,10
BEING MORTAL,2015-09-06,family & relationships,11
I AM MALALA,2015-09-06,biography & autobiography,12
JUST MERCY,2015-09-06,law,13
DEAN & ME (A LOVE STORY),2015-09-06,biography & autobiography,14
AUSCHWITZ,2015-09-06,history,15
MY LOBOTOMY,2015-09-06,biography & autobiography,16
YOU'RE NEVER WEIRD ON THE INTERNET (ALMOST),2015-09-06,biography & autobiography,17
WILD,2015-09-06,biography & autobiography,19
DOWN THE RABBIT HOLE,2015-09-06,biography & autobiography,20
BETWEEN THE WORLD AND ME,2015-08-02,biography & autobiography,1
THE BOYS IN THE BOAT,2015-08-02,sports & recreation,2
DOWN THE RABBIT HOLE,2015-08-02,biography & autobiography,3
MODERN ROMANCE,2015-08-02,humor,4
THE WRIGHT BROTHERS,2015-08-02,biography & autobiography,5
DEAD WAKE,2015-08-02,history,6
I AM MALALA,2015-08-02,biography & autobiography,7
BEING MORTAL,2015-08-02,family & relationships,8
A TIME FOR TRUTH,2015-08-02,biography & autobiography,9
SICK IN THE HEAD,2015-08-02,biography & autobiography,10
THE CONSERVATIVE HEART,2015-08-02,political science,11
THE OREGON TRAIL,2015-08-02,history,12
UNBROKEN,2015-08-02,biography & autobiography,13
WILD,2015-08-02,biography & autobiography,15
A FULL LIFE,2015-08-02,biography & autobiography,16
THE BILLION DOLLAR SPY,2015-08-02,aeronautics,17
THE ROAD TO CHARACTER,2015-08-02,social science,18
THE GLASS CASTLE,2015-08-02,biography & autobiography,19
CHIEF JOSEPH & THE FLIGHT OF THE NEZ PERCE,2015-08-02,history,20
THE WRIGHT BROTHERS,2015-06-28,biography & autobiography,1
THE BOYS IN THE BOAT,2015-06-28,sports & recreation,2
PRIMATES OF PARK AVENUE,2015-06-28,biography & autobiography,3
DEAD WAKE,2015-06-28,history,4
THE ROAD TO CHARACTER,2015-06-28,social science,5
"ADIOS, AMERICA!",2015-06-28,political science,6
I AM MALALA,2015-06-28,biography & autobiography,7
BILL O'REILLY'S LEGENDS AND LIES,2015-06-28,biography & autobiography,9
AMERICAN SNIPER,2015-06-28,biography & autobiography,10
BEING MORTAL,2015-06-28,family & relationships,11
ON GOLD MOUNTAIN,2015-06-28,biography & autobiography,12
AND THE GOOD NEWS IS ...,2015-06-28,biography & autobiography,13
WILD,2015-06-28,biography & autobiography,14
UNBROKEN,2015-06-28,biography & autobiography,15
ELON MUSK,2015-06-28,biography & autobiography,17
IT'S A LONG STORY,2015-06-28,biography & autobiography,18
GUMPTION,2015-06-28,humor,19
THE QUARTET,2015-06-28,biography & autobiography,20
THE WRIGHT BROTHERS,2015-05-24,biography & autobiography,1
CLINTON CASH,2015-05-24,political science,2
HOPE,2015-05-24,biography & autobiography,3
THE BOOK OF JOAN,2015-05-24,biography & autobiography,4
IT'S A LONG STORY,2015-05-24,biography & autobiography,5
AND THE GOOD NEWS IS ...,2015-05-24,biography & autobiography,6
AMERICAN WIFE,2015-05-24,biography & autobiography,7
THE ROAD TO CHARACTER,2015-05-24,social science,8
THE BOYS IN THE BOAT,2015-05-24,sports & recreation,9
DEAD WAKE,2015-05-24,history,10
BILL O'REILLY'S LEGENDS AND LIES,2015-05-24,biography & autobiography,11
AMERICAN SNIPER,2015-05-24,biography & autobiography,12
FINDING ME,2015-05-24,biography & autobiography,13
MISSOULA,2015-05-24,social science,14
DEAL,2015-05-24,biography & autobiography,15
BEING MORTAL,2015-05-24,family & relationships,16
THE RESIDENCE,2015-05-24,history,17
WILD,2015-05-24,biography & autobiography,18
WHEN TO ROB A BANK,2015-05-24,business & economics,19
PIONEER GIRL,2015-05-24,biography & autobiography,20
DEAD WAKE,2015-04-19,history,1
AMERICAN SNIPER,2015-04-19,biography & autobiography,2
THE BOYS IN THE BOAT,2015-04-19,sports & recreation,3
WILD,2015-04-19,biography & autobiography,4
UNBROKEN,2015-04-19,biography & autobiography,5
BEING MORTAL,2015-04-19,family & relationships,6
BECOMING STEVE JOBS,2015-04-19,biography & autobiography,7
GOING CLEAR,2015-04-19,religion,8
THINK LIKE A FREAK,2015-04-19,business & economics,9
UNDER THE TUSCAN SUN,2015-04-19,biography & autobiography,10
KILLING PATTON,2015-04-19,history,11
SO YOU'VE BEEN PUBLICLY SHAMED,2015-04-19,social science,12
H IS FOR HAWK,2015-04-19,biography & autobiography,13
WAITING TO BE HEARD,2015-04-19,biography & autobiography,16
BETWEEN YOU & ME,2015-04-19,language arts & disciplines,19
IN DEFENSE OF A LIBERAL EDUCATION,2015-04-19,education,20
AMERICAN SNIPER,2015-03-15,biography & autobiography,1
WILD,2015-03-15,biography & autobiography,2
UNBROKEN,2015-03-15,biography & autobiography,3
THE BOYS IN THE BOAT,2015-03-15,sports & recreation,4
BEING MORTAL,2015-03-15,family & relationships,5
KILLING PATTON,2015-03-15,history,7
FUTURE CRIMES,2015-03-15,computer crimes,8
ISIS,2015-03-15,political science,9
YES PLEASE,2015-03-15,humor,10
THUNDERSTRUCK,2015-03-15,history,11
GHOST BOY,2015-03-15,biography & autobiography,13
ALAN TURING: THE ENIGMA,2015-03-15,biography & autobiography,14
LONE SURVIVOR,2015-03-15,history,16
ON MY OWN TWO FEET,2015-03-15,biography & autobiography,17
EMPIRE OF MUD,2015-03-15,history,19
BELIEVER,2015-03-15,biography & autobiography,20
UNBROKEN,2015-02-08,biography & autobiography,2
WILD,2015-02-08,biography & autobiography,3
THE BOYS IN THE BOAT,2015-02-08,sports & recreation,4
CLAPTON,2015-02-08,biography & autobiography,5
BEING MORTAL,2015-02-08,family & relationships,6
YES PLEASE,2015-02-08,humor,7
KILLING PATTON,2015-02-08,history,8
"GOD, GUNS, GRITS AND GRAVY",2015-02-08,biography & autobiography,9
THE HEART OF EVERYTHING THAT IS,2015-02-08,history,11
THE IMMORTAL LIFE OF HENRIETTA LACKS,2015-02-08,science,12
DEEP DOWN DARK,2015-02-08,biography & autobiography,13
LEAVING BEFORE THE RAINS COME,2015-02-08,biography & autobiography,14
NOT THAT KIND OF GIRL,2015-02-08,biography & autobiography,16
THE POWER OF HABIT,2015-02-08,business & economics,17
THE LIFE AND LEGEND OF CHRIS KYLE,2015-02-08,biography & autobiography,18
IT WAS ME ALL ALONG,2015-02-08,biography & autobiography,19
GHOST BOY,2015-02-08,family & relationships,20
UNBROKEN,2015-01-04,biography & autobiography,1
KILLING PATTON,2015-01-04,history,2
WILD,2015-01-04,biography & autobiography,3
41,2015-01-04,biography & autobiography,4
WHAT IF?,2015-01-04,fiction,5
YES PLEASE,2015-01-04,humor,6
AMERICAN SNIPER,2015-01-04,biography & autobiography,7
THE BOYS IN THE BOAT,2015-01-04,sports & recreation,8
BEING MORTAL,2015-01-04,family & relationships,10
THE ANDY COHEN DIARIES,2015-01-04,art,11
AS YOU WISH,2015-01-04,biography & autobiography,12
YOU CAN'T MAKE THIS UP,2015-01-04,biography & autobiography,13
NOT THAT KIND OF GIRL,2015-01-04,biography & autobiography,14
THE INNOVATORS,2015-01-04,biography & autobiography,15
SO ANYWAY . . .,2015-01-04,biography & autobiography,17
IS EVERYONE HANGING OUT WITHOUT ME?,2015-01-04,humor,18
SMALL VICTORIES,2015-01-04,literary collections,20
THE ANDY COHEN DIARIES,2014-11-30,biography & autobiography,3
YES PLEASE,2014-11-30,humor,4
UNBROKEN,2014-11-30,biography & autobiography,5
THE BOYS IN THE BOAT,2014-11-30,sports & recreation,6
NOT THAT KIND OF GIRL,2014-11-30,biography & autobiography,10
THE ART OF ASKING,2014-11-30,biography & autobiography,11
STONEWALLED,2014-11-30,political science,15
DREAMERS AND DECEIVERS,2014-11-30,biography & autobiography,18
THE WILD TRUTH,2014-11-30,biography & autobiography,19
TRUE LOVE,2014-11-30,autobiography,20
NOT THAT KIND OF GIRL,2014-10-26,biography & autobiography,2
THE INNOVATORS,2014-10-26,technology & engineering,3
STOP THE COMING CIVIL WAR,2014-10-26,political science,5
WORTHY FIGHTS,2014-10-26,biography & autobiography,6
THE BOYS IN THE BOAT,2014-10-26,sports & recreation,7
UNBROKEN,2014-10-26,biography & autobiography,8
WHAT IF?,2014-10-26,fiction,9
AMERICAN SNIPER,2014-10-26,biography & autobiography,11
WAKING UP,2014-10-26,"body, mind & spirit",14
WILD,2014-10-26,biography & autobiography,15
NOT MY FATHER'S SON,2014-10-26,biography & autobiography,18
HOW CHILDREN SUCCEED,2014-10-26,education,19
REBEL YELL,2014-10-26,biography & autobiography,20
WHAT IF?,2014-09-21,fiction,1
UNBROKEN,2014-09-21,biography & autobiography,2
UNPHILTERED,2014-09-21,biography & autobiography,4
HEAVEN IS FOR REAL,2014-09-21,religion,6
WILD,2014-09-21,biography & autobiography,7
ORANGE IS THE NEW BLACK,2014-09-21,biography & autobiography,9
ONE NATION,2014-09-21,political science,10
QUIET,2014-09-21,psychology,12
ELVIS AND GINGER,2014-09-21,biography & autobiography,13
LEVEL ZERO HEROES,2014-09-21,history,20
AMERICA,2014-08-17,political science,2
THE BOYS IN THE BOAT,2014-08-17,sports & recreation,4
ORANGE IS THE NEW BLACK,2014-08-17,biography & autobiography,6
BLOOD FEUD,2014-08-17,biography & autobiography,7
ONE NATION,2014-08-17,political science,8
HARD CHOICES,2014-08-17,biography & autobiography,10
WILD,2014-08-17,biography & autobiography,11
THE BILLIONAIRE'S VINEGAR,2014-08-17,true crime,12
IS EVERYONE HANGING OUT WITHOUT ME?,2014-08-17,humor,15
A LONG WAY GONE,2014-08-17,biography & autobiography,17
THE MOCKINGBIRD NEXT DOOR,2014-08-17,alabama,19
THE HOT ZONE,2014-08-17,health & fitness,20
ORANGE IS THE NEW BLACK,2014-07-13,biography & autobiography,3
IT LOOKED DIFFERENT ON THE MODEL,2014-07-13,biography & autobiography,4
THE BOYS IN THE BOAT,2014-07-13,sports & recreation,5
I DIDN'T COME HERE TO MAKE FRIENDS,2014-07-13,biography & autobiography,9
LONE SURVIVOR,2014-07-13,history,11
THINK LIKE A FREAK,2014-07-13,business & economics,12
THE SISTERS WHO WOULD BE QUEEN,2014-07-13,biography & autobiography,16
THE NAZI OFFICER'S WIFE,2014-07-13,history,17
QUIET,2014-07-13,psychology,20
ONE NATION,2014-06-08,political science,1
CAPITAL IN THE TWENTY-FIRST CENTURY,2014-06-08,business & economics,3
FINDING ME,2014-06-08,biography & autobiography,4
CONFORM,2014-06-08,education,11
A FIGHTING CHANCE,2014-06-08,biography & autobiography,15
LONE SURVIVOR,2014-06-08,history,17
BEHIND THE BEAUTIFUL FOREVERS,2014-06-08,social science,18
THE NAZI OFFICER'S WIFE,2014-06-08,history,19
HEAVEN IS FOR REAL,2014-05-04,religion,1
FLASH BOYS,2014-05-04,business & economics,2
THE DIVIDE,2014-05-04,business & economics,6
THRIVE,2014-05-04,biography & autobiography,7
FREAKONOMICS,2014-05-04,business & economics,9
UNBROKEN,2014-05-04,biography & autobiography,10
TWELVE YEARS A SLAVE,2014-05-04,biography & autobiography,13
THE NAZI OFFICER'S WIFE,2014-05-04,history,14
LOVE LIFE,2014-05-04,biography & autobiography,18
CAPITAL IN THE TWENTY-FIRST CENTURY,2014-05-04,business & economics,20
LONE SURVIVOR,2014-03-30,history,4
KILLING JESUS,2014-03-30,history,7
UNBROKEN,2014-03-30,biography & autobiography,8
DAVID AND GOLIATH,2014-03-30,psychology,10
WILD,2014-03-30,biography & autobiography,12
JESUS,2014-03-30,religion,13
YOU MUST REMEMBER THIS,2014-03-30,biography & autobiography,14
BLOOD WILL OUT,2014-03-30,true crime,15
PROOF OF HEAVEN,2014-03-30,biography & autobiography,16
WHERE NOBODY KNOWS YOUR NAME,2014-03-30,sports & recreation,17
DUTY,2014-03-30,biography & autobiography,20
TWELVE YEARS A SLAVE,2014-02-23,biography & autobiography,3
DUTY,2014-02-23,biography & autobiography,4
ALL JOY AND NO FUN,2014-02-23,social science,8
UNBROKEN,2014-02-23,biography & autobiography,10
WILD,2014-02-23,biography & autobiography,12
TRIPLE PACKAGE,2014-02-23,business & economics,14
GEORGE WASHINGTON'S SECRET SIX,2014-02-23,history,16
ORANGE IS THE NEW BLACK,2014-02-23,biography & autobiography,18
PROOF OF HEAVEN,2014-02-23,biography & autobiography,20
KILLING JESUS,2014-01-19,history,2
QUIET,2014-01-19,psychology,12
IS EVERYONE HANGING OUT WITHOUT ME?,2014-01-19,humor,17
DAVID AND GOLIATH,2013-12-15,psychology,2
GEORGE WASHINGTON'S SECRET SIX,2013-12-15,history,4
MIRACLES AND MASSACRES,2013-12-15,history,5
THE BULLY PULPIT,2013-12-15,biography & autobiography,6
HUMANS OF NEW YORK,2013-12-15,history,7
MY PROMISED LAND,2013-12-15,history,9
SI-COLOGY 1,2013-12-15,biography & autobiography,10
LET ME OFF AT THE TOP!,2013-12-15,humor,11
THE DEATH OF SANTINI,2013-12-15,biography & autobiography,14
KILLING JESUS,2013-11-10,history,1
TWELVE YEARS A SLAVE,2013-11-10,biography & autobiography,6
40 CHANCES,2013-11-10,biography & autobiography,7
THE REASON I JUMP,2013-11-10,family & relationships,9
LEAN IN,2013-11-10,biography & autobiography,14
PROOF OF HEAVEN,2013-11-10,biography & autobiography,17
SI-COLOGY 1,2013-10-06,biography & autobiography,1
STILL FOOLIN' 'EM,2013-10-06,biography & autobiography,2
EMPTY MANSIONS,2013-10-06,biography & autobiography,5
LEAN IN,2013-10-06,biography & autobiography,6
ZEALOT,2013-10-06,religion,7
SIMPLE DREAMS,2013-10-06,biography & autobiography,9
_____ MY DAD SAYS,2013-10-06,humor,11
THE IMMORTAL LIFE OF HENRIETTA LACKS,2013-10-06,science,16
THE LIBERTY AMENDMENTS,2013-09-01,law,1
ORANGE IS THE NEW BLACK,2013-09-01,biography & autobiography,4
PROOF OF HEAVEN,2013-07-28,biography & autobiography,1
"HAPPY, HAPPY, HAPPY",2013-07-28,biography & autobiography,3
UNBREAKABLE,2013-07-28,biography & autobiography,4
I WEAR THE BLACK HAT,2013-07-28,literary collections,6
LOST GIRLS,2013-07-28,true crime,18
ELEVEN RINGS,2013-07-28,biography & autobiography,19
LEAN IN,2013-06-23,biography & autobiography,3
THE GUNS AT LAST LIGHT,2013-06-23,history,7
THE TAO OF MARTHA,2013-06-23,biography & autobiography,14
QUIET,2013-06-23,psychology,18
KILLING KENNEDY,2013-06-23,biography & autobiography,20
BUNKER HILL,2013-05-19,history,7
THE GOOD NURSE,2013-05-19,true crime,12
QUIET,2013-05-19,psychology,18
FROZEN IN TIME,2013-05-19,history,19
SIX YEARS,2013-04-14,fiction,3
THREE SISTERS,2013-04-14,fiction,11
AND THEN SHE FELL,2013-04-14,fiction,16
GONE GIRL,2013-03-10,fiction,3
A WEEK IN WINTER,2013-03-10,fiction,5
TOUCH AND GO,2013-03-10,fiction,7
THE SILVER LININGS PLAYBOOK,2013-03-10,fiction,10
THE DINNER,2013-03-10,fiction,19
SAFE HAVEN,2013-02-03,fiction,1
THE RACKETEER,2013-02-03,fiction,13
TENTH OF DECEMBER,2013-02-03,short stories,16
"MERRY CHRISTMAS, ALEX CROSS",2012-12-30,fiction,7
THE ROUND HOUSE,2012-12-30,fiction,17
THE PERFECT HOPE,2012-11-25,fiction,1
THE SINS OF THE MOTHER,2012-11-25,fiction,17
A WANTED MAN,2012-10-21,fiction,11
ZOO,2012-10-21,fiction,20
