bookID,title,authors,average_rating,isbn,isbn13,category
28195,Inkspell (Inkworld  #2),Cornelia Funke/Anthea Bell,3.92,0439554004,9.78044E+12,Juvenile Fiction
20001,Interfictions: An Anthology of Interstitial Writing,Delia Sherman/Theodora Goss/K. Tempest Bradford/Karen Jordan Allen/Rachel Pollack/Veronica Schanoes/Mikal Trimm/Colin Greenland/Vandana Singh/Matthew Cheney/Léa Silhol/Adrián Ferrero/Holly Phillips/Catherynne M. Valente/Christopher Barzak/Leslie What/Anna Tambour/Joy Marchand/Jon Singer/Csilla Kleinheincz/Michael J. DeLuca,3.77,1931520240,9.78193E+12,
32286,A Mad People's History of Madness,Dale Peterson,4.33,0822953315,9.78082E+12,Psychology
38583,Bite Me!: An Unofficial Guide to the World of Buffy the Vampire Slayer,Nikki Stafford,4.13,1550225405,9.78155E+12,Young Adult Fiction
38175,The South Beach Diet: The Delicious  Doctor-Designed  Foolproof Plan for Fast and Healthy Weight Loss,Arthur Agatston,3.45,1579546463,9.78158E+12,
2137,A Home at the End of the World,Michael Cunningham,3.91,0312424086,9.78031E+12,Fiction
28958,Ein Sommernachtsspiel,Kate Atkinson,3.72,3453152530,9.78345E+12,Book industries and trade
27507,Plan of Attack,Bob Woodward/Alice Mayhew,3.68,0743255488,9.78074E+12,Social Science
1384,The Odyssey,Homer/E.V. Rieu/Peter Jones/D.C.H. Rieu,3.76,0140449116,9.78014E+12,
6838,Easy Prey (Lucas Davenport  #11),John Sandford,4.08,0743484185,9.78074E+12,Fiction
27456,Daniel Deronda,George Eliot/Earl L. Dachslager/George Stade,3.84,1593082908,9.78159E+12,
22508,The Making of a Philosopher: My Journey Through Twentieth-Century Philosophy,Colin McGinn,3.65,0060957603,9.78006E+12,Philosophy
9739,Speaker for the Dead (Ender's Saga  #2),Orson Scott Card,4.07,0812532570,9.78081E+12,Fiction
13448,The Dark Half,Stephen King,3.77,5550707004,9.78555E+12,Fiction
11693,The White Castle,Orhan Pamuk/Victoria Rowe Holbrook,3.46,0571164668,9.78057E+12,Literary Criticism
35120,Star Trek: Logs One and Two (Star Trek: Log  #1-2),Alan Dean Foster,3.46,0345495810,9.78035E+12,Fiction
29641,The End of the Affair,Graham Greene/Monica Ali,3.94,0099478447,9.7801E+12,Fiction
15580,In the Shadow of the Warlock Lord (The Sword of Shannara  #1),Terry Brooks,4.06,0345461460,9.78035E+12,Fiction
22350,Kid Eternity,Grant Morrison/Duncan Fegredo,3.41,1401209335,9.7814E+12,COMICS & GRAPHIC NOVELS
12975,Twelfth Night,William Shakespeare/Alan Durband,3.98,0812036042,9.78081E+12,Drama
28078,The Birth of Venus,Sarah Dunant,3.81,0812968972,9.78081E+12,Fiction
24001,Soldados de Salamina,Javier Cercas,3.81,8483101610,9.78848E+12,Fiction
10429,Cuba: A New History,Richard Gott,4.06,0300111142,9.7803E+12,History
19351,The Epic of Gilgamesh,Anonymous/N.K. Sandars,3.68,0141026286,9.78014E+12,Poetry
33456,A Dirty Job (Grim Reaper  #1),Christopher Moore,4.07,0060590270,9.78006E+12,Fiction
41423,The Outlaws of Sherwood,Robin McKinley,3.77,0441013252,9.78044E+12,Young Adult Fiction
1684,The City of God,Augustine of Hippo/Thomas Merton/Marcus Dods,3.92,0679783199,9.78068E+12,Apologetics
11617,The Life of Emily Dickinson,Richard B. Sewall,4.29,0674530802,9.78067E+12,Biography & Autobiography
31974,Mac OS X: Tiger Edition (The Missing Manual),David Pogue,3.79,0596009410,9.7806E+12,Computers
31105,This Christmas,Jane Green/Jennifer Coburn/Liz Ireland,3.19,0821778064,9.78082E+12,Fiction
1378,The Essential Iliad,Homer/Sheila Murnaghan/Stanley Lombardo,3.86,0872205428,9.78087E+12,Poetry
18630,The Player of Games (Culture  #2),Iain M. Banks,4.27,0061053562,9.78006E+12,Fiction
19506,The World as Will and Representation  Vol. 1,Arthur Schopenhauer/Judith Norman/E.F.J. Payne/Alistair Welchman/Christropher Janaway,4.19,0486217612,9.78049E+12,
38787,Pedro Páramo,Juan Rulfo/Margaret Sayers Peden/Susan Sontag,4.05,0802133908,9.7808E+12,Fiction
13746,Julie and Julia: My Year of Cooking Dangerously,Julie Powell,3.7,0316013269,9.78032E+12,BIOGRAPHY & AUTOBIOGRAPHY
27006,Chop Shop (Bug Man  #2),Tim Downs,4.22,1582294011,9.78158E+12,Philosophy
9303,Lucy Sullivan Is Getting Married,Marian Keyes,3.77,0060090375,9.78006E+12,Fiction
16449,Oh My Stars,Lorna Landvik,3.89,0345468368,9.78035E+12,Fiction
12194,Lord Jim,Joseph Conrad,3.62,1551111721,9.78155E+12,Fiction
43177,Brown V. Board of Education: A Civil Rights Milestone and Its Troubled Legacy,James T. Patterson,3.85,0195156323,9.7802E+12,History
25752,Blind Flight,Hilary H. Milton,3.63,0590321145,9.78059E+12,
24804,A Parchment of Leaves,Silas House,4.18,0345464974,9.78035E+12,Fiction
30001,Lost Stories,Dashiell Hammett/Vince Emery/Joe Gores,3.98,0972589813,9.78097E+12,American literature
25460,Animal  Vegetable  Miracle: A Year of Food Life,Barbara Kingsolver/Steven L. Hopp/Camille Kingsolver/Richard A. Houser,4.04,0060852550,9.78006E+12,
32507,Chasing the Dime,Michael Connelly,3.96,044661162X,9.78045E+12,Fiction
6970,Prince of Ice (Tale of the Demon World  #3),Emma Holly,3.99,0425212599,9.78043E+12,
10174,Jenny and the Jaws of Life: Short Stories,Jincy Willett/David Sedaris,3.74,0312306180,9.78031E+12,Fiction
1852,The Call of the Wild,Jack London/Avi,3.86,0439227143,9.78044E+12,Fiction
29140,Melliandra,J.V. Jones,3.79,3404204077,9.7834E+12,Fiction
14106,Grammar Snobs Are Great Big Meanies: A Guide to Language for Fun and Spite,June Casagrande,3.78,0143036831,9.78014E+12,Language Arts & Disciplines
28344,Los hermanos Karamazov,Fyodor Dostoyevsky/Alexander Pushkin/Guillermo Suazo Pascual,4.32,847640509X,9.78848E+12,Fiction
10080,Mary Queen of Scots and the Murder of Lord Darnley,Alison Weir,4.04,0712664564,9.78071E+12,Biography & Autobiography
18977,The Silmarillion,J.R.R. Tolkien/Christopher Tolkien,3.92,0048231533,9.78005E+12,Fiction
12447,You Can't Go Home Again,Thomas Wolfe,4.04,0060930055,9.78006E+12,
32213,Expectant Father,Melinda Curtis,3.6,0373713010,9.78037E+12,Fiction
44176,Saints at the River,Ron Rash,3.81,0312424914,9.78031E+12,Fiction
16542,The Black Tower (Philip José Farmer's The Dungeon  #1),Richard A. Lupoff/Bruce Coville/Philip José Farmer/Charles de Lint/Robin Wayne Bailey/Robert Gould,3.29,0553273469,9.78055E+12,
21062,A Rose for the Crown,Anne Easter Smith,4.02,0743276876,9.78074E+12,Fiction
43650,Something Borrowed,Rebecca Hagan Lee,4.14,0786500735,9.78079E+12,Fiction
27419,The Works and Days/Theogony,Hesiod,3.75,1419188518,9.78142E+12,Literary Criticism
12248,Return to Ithaca (Tales from the Odyssey  #5),Mary Pope Osborne/Troy Howell,4.14,0786809930,9.78079E+12,Fiction
1428,By the River Piedra I Sat Down and Wept,Paulo Coelho/Alan R. Clarke,3.57,0061122092,9.78006E+12,Fiction
17600,Homemade Love,bell hooks/Shane W. Evans,4.18,0786806435,9.78079E+12,Juvenile Fiction
43994,Trapped (Mississippi #2),Greg Iles,4,0451207505,9.78045E+12,History
14698,On the Lines of Morris' Romances: Two Books That Inspired J. R. R. Tolkien-The Wood Beyond the World and the Well at the World's End,William Morris/Michale W. Perry,4.09,1587420244,9.78159E+12,
3103,Maurice,E.M. Forster,4.03,0393310329,9.78039E+12,
40326,More Plums in One (Stephanie Plum  #4-6),Janet Evanovich,4.45,031236296X,9.78031E+12,Fiction
16640,The Sorrows of Young Werther,Johann Wolfgang von Goethe/Burton Pike/Edla Valdna,3.67,0812969901,9.78081E+12,Fiction
15930,Wokini: A Lakota Journey to Happiness and Self-Understanding,Billy Mills/Nicholas Sparks,3.57,1561706604,9.78156E+12,Dakota Indians
15680,Exile and the Kingdom,Albert Camus/Carol Cosman/Orhan Pamuk,3.89,0307278581,9.78031E+12,Fiction
7957,First Meetings in Ender's Universe (Ender's Saga  #0.5),Orson Scott Card,3.84,0765347989,9.78077E+12,Child soldiers
35825,The Blonde on the Street Corner,David Goodis,3.71,1852424478,9.78185E+12,Fiction
12322,Daybreak: Thoughts on the Prejudices of Morality,Friedrich Nietzsche/R.J. Hollingdale,4.18,0521599636,9.78052E+12,
27769,L'Étranger,Albert Camus,3.98,207030602X,9.78207E+12,Study Aids
22820,犬夜叉  27,Rumiko Takahashi,4.28,4091256473,9.78409E+12,
28859,The Gospel According to Jesus Christ,José Saramago/Giovanni Pontiero,4.29,186046095X,9.78186E+12,Language Arts & Disciplines
18957,The Corner: A Year in the Life of an Inner-City Neighborhood,David Simon/Edward Burns,4.43,0767900316,9.78077E+12,True Crime
45220,I Never Promised You a Rose Garden,Hannah  Green/Joanne Greenberg,3.87,0451160312,9.78045E+12,
30353,Tidings of Great Joy,Sandra Brown,3.62,0553576003,9.78055E+12,Fiction
25802,The Deception of the Emerald Ring (Pink Carnation  #3),Lauren Willig,3.91,0525949771,9.78053E+12,
29129,The Last Unicorn,Peter S. Beagle,4.17,0345254848,9.78035E+12,Fiction
10170,The Devil's in the Details (A Camilla MacPhee Mystery  #4),Mary Jane Maffini,4,189491712X,9.78189E+12,
36715,Liberty Before Liberalism,Quentin Skinner,3.9,0521638763,9.78052E+12,History
39180,Orin Aoraiosaa: Songs for Selected Heads,John    Mason,4.39,1881244067,9.78188E+12,
3682,A Great and Terrible Beauty (Gemma Doyle #1),Libba Bray,3.79,0689875347,9.78069E+12,Juvenile Fiction
35434,The Star Wars Trilogy,George Lucas/Donald F. Glut/James Kahn,4.25,0345475828,9.78035E+12,Fiction
38531,Sweet 18 (SVH Senior Year  #48),Francine Pascal/Kate William,3.47,0553493973,9.78055E+12,Juvenile Fiction
33914,"Approaches to Teaching Atwood's ""the Handmaid's Tale"" and Other Works (Approaches to Teaching World Literature)",Sharon Rose Wilson/Thomas B. Friedman/Shannon Eileen Hengen,3.75,0873527364,9.78087E+12,
5337,Little Dorrit,Charles Dickens/Hablot Knight Browne/David Gates,3.99,037575914X,9.78038E+12,Language Arts & Disciplines
19403,The Decline and Fall of the Roman Empire,Edward Gibbon/Hugh Trevor-Roper,3.98,0753818817,9.78075E+12,
16200,Ella Minnow Pea: A Novel in Letters,Mark Dunn,3.85,0385722435,9.78039E+12,Fiction
9841,Making Globalization Work,Joseph E. Stiglitz,3.85,0393061221,9.78039E+12,Business & Economics
37087,A New History of Early English Drama,John D. Cox/David Scott Kastan/Stephen Greenblatt,4.05,0231102437,9.78023E+12,Drama
24442,Heathersleigh Homecoming (Secrets of Heathersleigh Hall  #3),Michael R. Phillips,4.33,0764222376,9.78076E+12,Religion
25693,Agricola/Germany,Tacitus/Anthony Richard Birley,3.99,0192833006,9.78019E+12,History
10404,Doctor Who: Cat's Cradle-Witch Mark,Andrew    Hunt,3.22,0426203682,9.78043E+12,Performing Arts
35115,Sliding Scales (Pip & Flinx #10),Alan Dean Foster,3.88,0345461584,9.78035E+12,Fiction
16799,The Best American Science Writing 2002,Matt Ridley/Jesse Cohen/Alan Lightman/Joseph D'Agnese,3.85,0060936509,9.78006E+12,
35514,Myths of Light: Eastern Metaphors of the Eternal (Collected Work),Joseph Campbell/David Kudler,4.43,1577314034,9.78158E+12,Religion
43331,He Sees You When You're Sleeping,Mary Higgins Clark/Carol Higgins Clark,3.79,0743456866,9.78074E+12,
22472,Discourse on the Origin of Inequality,Jean-Jacques Rousseau,3.82,0486434141,9.78049E+12,Philosophy
43759,La regina dei dannati,Anne Rice/Roberta Rambelli,3.89,8878193283,9.78888E+12,Fiction
40343,The Full Box (Full  #1-4),Janet Evanovich/Charlotte Hughes,4.29,1593979266,9.78159E+12,Juvenile Fiction
5205,A Map of the World,Jane Hamilton/Frank  Muller/C.J. Critt,3.81,0385720106,9.78039E+12,Fiction
7806,Nabokov's Pale Fire: The Magic of Artistic Discovery,Brian Boyd,4.22,0691089574,9.78069E+12,Literary Criticism
848,No Price Too High: A Pentecostal Preacher Becomes Catholic - The Inspirational Story of Alex Jones as Told to Diane Hanson,Alex C. Jones/Diane M. Hanson/Stephen K. Ray,4.27,0898709199,9.7809E+12,Fiction
841,Emotional Design: Why We Love (or Hate) Everyday Things,Donald A. Norman,3.95,0465051367,9.78047E+12,Psychology
6224,The Unknown Sigrid Undset: Jenny and Other Works,Sigrid Undset/Tim Page/Tiina Nunnally/Naomi Walford,4.19,1586420216,9.78159E+12,Fiction
28162,Bound In Blood: The Erotic Journey of a Vampire,David Thomas Lord,3.35,1575667649,9.78158E+12,Fiction
24188,Secrets of the Scorpion,Jed Carleton/Shawn Carman/Seth Mason/Robert    Lee/Travis Heerman/Aaron Medwin/Matthew S. Armstrong/D.J. Trindle/Cris Dornaus/Eric Steiger,3.68,1887953795,9.78189E+12,
36160,Crown of Shadows (The Coldfire Trilogy  #3),C.S. Friedman,4.17,0756403189,9.78076E+12,Fiction
12843,The Wheel of Time: The Shamans of Mexico Their Thoughts About Life Death & the Universe,Carlos Castañeda,4.03,074341280X,9.78074E+12,"Body, Mind & Spirit"
28660,The Curse of the Mistwraith (Wars of Light and Shadow  #1),Janny Wurts,3.76,0586210695,9.78059E+12,Fiction
43437,McSweeney's #19,Dave Eggers/T. Coraghessan Boyle/Adam Golaski/Sean Casey/Brendan Connell,3.8,193241648X,9.78193E+12,Humor
2934,Robinson Crusoe,Daniel Defoe/Michael Shinagel,3.67,0393964523,9.78039E+12,
2494,The Time Machine,H.G. Wells/Patrick Parrinder/Steven McLean/Marina Warner,3.89,0141439971,9.78014E+12,Comics & Graphic Novels
13853,The Lion  the Witch and the Wardrobe,C.S. Lewis/Pauline Baynes,4.21,0060530839,9.78006E+12,
36047,Exemplary Novels IV: Lady Cornelia  the Deceitful Marriage  the Dialogue of the Dogs,Miguel de Cervantes Saavedra/John Macklin,4.2,0856684988,9.78086E+12,
16791,Death: The High Cost of Living,Neil Gaiman/Chris Bachalo/Mark Buckingham/Tori Amos,4.19,1852864982,9.78185E+12,Boarding schools
19409,The Christians and the Fall of Rome (Great Ideas),Edward Gibbon,3.56,0143036246,9.78014E+12,Church history
13146,Black Friday,James Patterson,3.68,0446609323,9.78045E+12,Suspense fiction
30191,Brighid's Quest (Partholon  #5),P.C. Cast,4.14,0373802420,9.78037E+12,Fiction
34284,The Chronicles of Chrestomanci  Vol. 1 (Chrestomanci  #1-2),Diana Wynne Jones,4.21,006447268X,9.78006E+12,Fiction
4714,The Damned and the Beautiful: American Youth in the 1920's,Paula S. Fass,3.76,0195024923,9.7802E+12,
13569,Tsubasa: RESERVoir CHRoNiCLE  Vol. 3,CLAMP/William Flanagan,4.28,0345471830,9.78035E+12,
10624,"Four Past Midnight: Featuring ""The Langoliers""",Stephen King,3.93,0451185978,9.78045E+12,Fiction
19681,Carrier: A Guided Tour of an Aircraft Carrier (Guided Tour),Tom Clancy/Leon A. Edney,3.82,0425166821,9.78043E+12,
12302,Nathaniel Hawthorne's The Scarlet Letter,Nathaniel Hawthorne/Karin Jacobson,3.4,0764587242,9.78076E+12,
33956,The Spook's Apprentice (The Last Apprentice / Wardstone Chronicles  #1),Joseph Delaney,3.99,0099456451,9.7801E+12,
32916,On the Bus: The Complete Guide to the Legendary Trip of Ken Kesey and the Merry Pranksters and the Birth of Counterculture,Paul Perry/Ken Babbs,3.86,156025114X,9.78156E+12,Fiction
7769,Dr. Seuss's ABC,Dr. Seuss,4.08,0679882812,9.78068E+12,Juvenile Fiction
19888,The Blood Wood (Earthdawn 6113),FASA Corporation/Ian Lemke/Louis J. Prosperi,3.71,1555603130,9.78156E+12,
42718,A Star Called Henry,Roddy Doyle,3.84,0099284480,9.7801E+12,Fiction
8489,Muhammad: A Prophet for Our Time,Karen Armstrong,4.08,0060598972,9.78006E+12,Biography & Autobiography
22409,The Invisibles  Vol. 5: Counting to None,Grant Morrison/Phil Jimenez/John Stokes,4.19,1563894890,9.78156E+12,Comics & Graphic Novels
29471,Journey,James A. Michener,3.81,0449218473,9.78045E+12,Fiction
14688,In the Land of Time: And Other Fantasy Tales,Lord Dunsany/S.T. Joshi,4.12,014243776X,9.78014E+12,
5882,The Sword of Cortés (Pirates of the Caribbean: Jack Sparrow  #4),Rob Kidd/Jean-Paul Orpinas/Walt Disney Company,3.98,1423100611,9.78142E+12,Juvenile Fiction
19496,Moonraker,Ian Fleming,3.74,0141187565,9.78014E+12,Fiction
13728,Bleach  Volume 13,Tite Kubo,4.36,1421506114,9.78142E+12,
11427,Found (Firstborn  #3),Karen Kingsbury,4.44,0842387455,9.78084E+12,Fiction
12827,Strong Motion,Jonathan Franzen,3.52,184115749X,9.78184E+12,Fiction
41962,Light a Penny Candle,Maeve Binchy,3.91,009949857X,9.7801E+12,Fiction
35350,What the Body Remembers,Shauna Singh Baldwin,3.89,0385496052,9.78039E+12,Fiction
41335,Magnificat (Galactic Milieu Trilogy  #3),Julian May,4.21,0345362497,9.78035E+12,Fiction
28184,Blue Shoes and Happiness (No. 1 Ladies' Detective Agency #7),Alexander McCall Smith,4.06,1400075718,9.7814E+12,Fiction
26012,Glamorama,Bret Easton Ellis/Pierre Guglielmina,3.46,2264031913,9.78226E+12,Literary Criticism
30755,The Stories (So Far),Deborah Eisenberg,4,0374524920,9.78037E+12,Fiction
9298,Last Chance Saloon,Marian Keyes,3.81,0060086246,9.78006E+12,Fiction
13336,Olympian Odes. Pythian Odes,Pindar/William H. Race,4.09,0674995643,9.78067E+12,Athletics
45465,Artemis Fowl (Artemis Fowl  #1),Eoin Colfer/Nathaniel Parker,3.84,1400085918,9.7814E+12,Juvenile Fiction
29324,The Catswold Portal,Shirley Rousseau Murphy,4.06,0060765402,9.78006E+12,Fiction
8861,Death of an Addict (Hamish Macbeth  #15),M.C. Beaton,3.8,0446608289,9.78045E+12,
38412,Fermat's Enigma: The Epic Quest to Solve the World's Greatest Mathematical Problem,Simon Singh,4.25,0385493622,9.78039E+12,Mathematics
2411,Melville and the politics of identity: From *King Lear* to *Moby-Dick*,Julian Markels,3.33,0252063023,9.78025E+12,Literary Criticism
1110,The Broker,John Grisham,3.78,0385340540,9.78039E+12,Fiction
6976,The Mermaid Chair,Sue Monk Kidd,3.13,0143036696,9.78014E+12,Fiction
24379,His Dark Materials: New Edition,Nicholas Wright/Philip Pullman,4.02,1854598317,9.78185E+12,
26919,Continental Drift,Russell Banks,3.87,0060854944,9.78006E+12,Fiction
18297,The Anime Encyclopedia: A Guide to Japanese Animation Since 1917,Jonathan Clements/Helen McCarthy,4.04,1933330104,9.78193E+12,Performing Arts
3975,Worlds Enough & Time: Five Tales of Speculative Fiction,Dan Simmons,3.75,0060506040,9.78006E+12,Literary Criticism
19156,Could Do Better: Why Children Underachieve and What to Do About It,Harvey P. Mandel/Sander I. Marcus/Loral Dean,3.8,047115847X,9.78047E+12,Psychology
7613,Animal Farm,George Orwell/Boris Grabnar/Peter Škerl,3.93,0452284244,9.78045E+12,Juvenile Fiction
18683,Meeting God at Every Turn,Catherine Marshall,4.36,080079298X,9.7808E+12,Christian biography
36421,The Star-Spangled Banner (Symbols of America),Debra Hess,4,0761417109,9.78076E+12,Juvenile Nonfiction
14913,The Complete Novels of Jane Austen  Vol 1: Sense & Sensibility/Pride & Prejudice/Mansfield Park,Jane Austen,4.53,0679600264,9.78068E+12,History
1894,Under the Banner of Heaven: A Story of Violent Faith,Jon Krakauer,4,1400032806,9.7814E+12,Religion
17646,The Tent,Margaret Atwood,3.7,0385516681,9.78039E+12,Fiction
5071,Battle Angel Alita - Last Order : Guilty Angel  Vol. 07,Yukito Kishiro,4.12,1421504332,9.78142E+12,
1459,History of the Peloponnesian War  Bk. 7-8,Thucydides/C.F. Smith,4.29,0674991877,9.78067E+12,Greece
10165,Anatomy of Love: A Natural History of Mating  Marriage  and Why We Stray,Helen Fisher,3.94,0449908976,9.78045E+12,Social Science
5975,The Fall of a Sparrow,Robert Hellenga,3.69,0684850273,9.78068E+12,Fiction
11665,Conversations with John Updike,James Plath,3.57,0878057005,9.78088E+12,Literary Criticism
25853,The Drifting Classroom  Vol. 2 (Drifting Classroom),Kazuo Umezu,3.98,1421507234,9.78142E+12,African Americans
28538,Journey Into the Void (Sovereign Stone  #3),Margaret Weis/Tracy Hickman,3.86,0061020591,9.78006E+12,
4584,Everything Is Illuminated,Jonathan Safran Foer,3.9,0141008253,9.78014E+12,Fiction
18273,Beyond Good and Evil: Prelude to a Philosophy of the Future,Friedrich Nietzsche/Walter Kaufmann,4.01,0394703375,9.78039E+12,Philosophy
40951,A History of the Life Sciences,Lois N. Magner/Magner,4.53,0824708245,9.78082E+12,Union catalogs
42261,Stylepedia: A Guide to Graphic Design Mannerisms  Quirks  and Conceits,Steven Heller/Louise Fili,4.06,0811833461,9.78081E+12,
16728,The Organized Student: Teaching Children the Skills for Success in School and Beyond,Donna Goldberg/Jennifer Zwiebel,3.82,0743270207,9.78074E+12,Family & Relationships
9550,In Praise of Shadows,Jun'ichirō Tanizaki/Thomas J. Harper/Edward G. Seidensticker,4.09,0099283573,9.7801E+12,Business & Economics
16343,The Mysterious Affair at Styles (Hercule Poirot  #1),Agatha Christie,3.99,0646418432,9.78065E+12,Fiction
9030,The Devil in the White City: Murder  Magic and Madness at the Fair that Changed America,Erik Larson,3.99,0553813536,9.78055E+12,History
297,Treasure Island,Robert Louis Stevenson,3.83,1416500294,9.78142E+12,
30362,Charade,Sandra Brown,3.94,0446601853,9.78045E+12,Fiction
16888,John James Audubon,Richard Rhodes,4.13,037571393X,9.78038E+12,Biography & Autobiography
27588,Acts of Faith,Philip Caputo,3.94,0375725970,9.78038E+12,Fiction
29746,When She Was Good,Philip Roth,3.53,0679759255,9.78068E+12,Fiction
25841,The Road To War  1933 39,Andrew      Hunt,0,0340774770,9.78034E+12,
6795,The Cloud Atlas,Liam Callanan,3.38,0385336950,9.78039E+12,Fiction
23336,J.D. Salinger's Catcher in the Rye (Modern Critical Interpretations),Harold Bloom,3.58,0791056643,9.78079E+12,"Caulfield, Holden (Fictitious character)"
1438,Shakespeare's Hamlet,William Shakespeare/Terri Mategrano,4.02,0764585681,9.78076E+12,Drama
38747,Roughing It,Mark Twain/Henry B. Wonham,3.89,0743436504,9.78074E+12,Juvenile Fiction
15973,Middle Age: A Romance,Joyce Carol Oates,3.58,0060934905,9.78006E+12,Fiction
29446,Baghdad Without a Map and Other Misadventures in Arabia,Tony Horwitz,3.98,0452267455,9.78045E+12,Travel
13451,Storm of the Century,Stephen King,3.92,067103264X,9.78067E+12,Fiction
32506,The Poet (Jack McEvoy  #1; Harry Bosch Universe  #5),Michael Connelly,4.2,0446690457,9.78045E+12,Fiction
4723,Trimalchio,F. Scott Fitzgerald/James L.W. West III,4.42,0521890470,9.78052E+12,Fiction
35427,Star Wars: Knights of the Old Republic  Vol. 1: Commencement (Star Wars: Knights of the Old Republic  #1),John Jackson Miller/Travis Charest/Michael Atiyeh/Brian Ching/Travel Foreman,4.07,1593076401,9.78159E+12,Comics & Graphic Novels
44559,Life is Elsewhere,Milan Kundera/Aaron Asher,3.95,0060997028,9.78006E+12,Czech fiction
16528,My Invented Country: A Nostalgic Journey Through Chile,Isabel Allende,3.85,006054564X,9.78006E+12,Biography & Autobiography
42543,Eisenhower  Volume #2: The President,Stephen E. Ambrose,4.2,0671605658,9.78067E+12,Government publications
24658,The Prose Edda,Snorri Sturluson/Jesse L. Byock,4.17,0140447555,9.78014E+12,Art
22553,Gunslinger Girl  Vol. 1,Yu Aida/Hiroshi Aida,3.87,1413900208,9.78141E+12,Comics & Graphic Novels
4623,Does Anything Eat Wasps?: And 101 Other Unsettling  Witty Answers to Questions You Never Thought You Wanted to Ask,New Scientist/Mick O'Hare,3.52,0743297261,9.78074E+12,
6953,Like Water for Chocolate,Laura Esquivel/Yareli Arizmendi,3.95,0739334190,9.78074E+12,Literary Criticism
31493,Standing in the Rainbow (Elmwood Springs  #2),Fannie Flagg,4.04,0345452887,9.78035E+12,Philosophy
11782,Missing Mom,Joyce Carol Oates,3.55,0060816228,9.78006E+12,Fiction
15598,Heart & Hands: A Midwife's Guide to Pregnancy & Birth,Elizabeth  Davis/Suzanne Arms,4.37,1587612216,9.78159E+12,Government publications
13847,Essence and Alchemy: A Natural History of Perfume,Mandy Aftel,4.09,1586857029,9.78159E+12,Health & Fitness
3340,The Story of Salt,Mark Kurlansky/S.D. Schindler,4.08,0399239987,9.7804E+12,Juvenile Nonfiction
26587,The One-Eyed Giant (Tales from the Odyssey  #1),Mary Pope Osborne/Homer/Troy Howell,3.88,0786809280,9.78079E+12,Juvenile Fiction
39093,The Making of the Fittest: DNA and the Ultimate Forensic Record of Evolution,Sean B. Carroll/Jamie W. Carroll/Leanne M. Olds,4.07,0393061639,9.78039E+12,Science
33477,The Best of the Spirit,Will Eisner/Neil Gaiman,3.92,1401207553,9.7814E+12,Graphic novels
14032,House of the Sleeping Beauties and Other Stories,Yasunari Kawabata/Edward G. Seidensticker/Yukio Mishima,3.67,4770029756,9.78477E+12,Fiction
18750,Beauty's Punishment (Sleeping Beauty  #2),A.N. Roquelaure/Anne Rice,3.62,0452281431,9.78045E+12,American fiction
34762,Legends  Lies  Cherished Myths of World History,Richard Shenkman,3.47,0060922559,9.78006E+12,
36023,Tim Burton: Interviews,Kristian Fraga,4.26,1578067596,9.78158E+12,Biography & Autobiography
27309,The Battle for God: A History of Fundamentalism,Karen Armstrong,3.93,0345391691,9.78035E+12,Religion
4454,The Road Less Traveled: A New Psychology of Love  Traditional Values  and Spiritual Growth,M. Scott Peck,4.05,0743243153,9.78074E+12,Fiction
11723,Angels & Insects,A.S. Byatt,3.65,0676503187,9.78068E+12,Self-Help
5073,Gunnm Last Order  Tome 01,Yukito Kishiro,4.06,2723439801,9.78272E+12,
22037,The Fortunate Pilgrim,Mario Puzo,3.83,0345476727,9.78035E+12,Fiction
15997,Paradise Lost,John Milton/John      Leonard,3.82,0140424393,9.78014E+12,Philosophy
17581,Pioneer Girl: The Story of Laura Ingalls Wilder,William   Anderson/Dan Andreasen,4.14,006446234X,9.78006E+12,
5777,Choke Point: A Brinker Mystery (Brinker P.I.),James C. Mitchell,3.22,0312315325,9.78031E+12,
23790,Short Stories,Anton Chekhov/Ralph E. Matlaw,4.35,0393090027,9.78039E+12,Fiction
21746,The Enemy (Jack Reacher  #8),Lee Child/Dick Hill,4.16,1590864093,9.78159E+12,Fiction
31363,How to Write Science Fiction & Fantasy,Orson Scott Card,3.9,158297103X,9.78158E+12,Language Arts & Disciplines
12086,Long Day's Journey: The Steamboat & Stagecoach Era in the Northern West,Carlos A. Schwantes,4,0295976918,9.7803E+12,Business & Economics
5069,Battle Angel Alita - Last Order : Angel's Vision  Vol. 08,Yukito Kishiro,4.1,1421508656,9.78142E+12,"Comic books, strips, etc"
27892,Lords of the Sky,Angus Wells,3.94,0553572660,9.78055E+12,
24374,Harper Lee's To Kill a Mockingbird (Bloom's Guides),Harold Bloom/Harper Lee,4.41,0791077640,9.78079E+12,Literary Criticism
19510,Essays and Aphorisms,Arthur Schopenhauer/R.J. Hollingdale,4.17,0140442278,9.78014E+12,Philosophy
23835,Cognitive Behavioral Treatment of Insomnia: A Session-By-Session Guide,Michael L. Perlis/Carla Jungquist/Michael T. Smith,4.05,0387222529,9.78039E+12,Psychology
5061,La verdad acerca de las Industrias Farmacéuticas: cómo nos engaña y qué hacer al respecto,Marcia Angell,3.95,9580493510,9.78958E+12,Fiction
45414,The Locked Room (The New York Trilogy  #3),Paul Auster,3.89,0140097368,9.78014E+12,Fiction
35925,Love Smart: Find the One You Want--Fix the One You Got,Phillip C. McGraw,3.56,074329243X,9.78074E+12,Family & Relationships
12568,Trout Fishing in America / The Pill vs. the Springhill Mine Disaster / In Watermelon Sugar,Richard Brautigan,4.15,0395500761,9.7804E+12,American fiction
12844,Power of Silence,Carlos Castañeda,4.22,067173248X,9.78067E+12,Fiction
2226,On Death and Dying,Elisabeth Kübler-Ross,4.16,0684842238,9.78068E+12,Death
37905,Dr. Seuss (First Biographies),Cheryl Carlson,4.33,0736850910,9.78074E+12,Juvenile Nonfiction
4295,David Foster Wallace's Infinite Jest: A Reader's Guide,Stephen J. Burn,3.82,082641477X,9.78083E+12,
11162,Summer for the Gods: The Scopes Trial and America's Continuing Debate Over Science and Religion,Edward J. Larson/Brian Troxell,3.9,0674854292,9.78067E+12,Law
21125,A Transatlantic Love Affair: Letters to Nelson Algren,Simone de Beauvoir/Nelson Algren/Sylvie Le Bon de Beauvoir/Vanessa Kling/Ellen Gordon Reeves,4.01,1565845609,9.78157E+12,
16991,Superman: Up  Up  and Away!,Kurt Busiek/Geoff Johns/Pete Woods/Renato Guedes,3.94,1401209548,9.7814E+12,"Comic books, strips, etc"
24780,The Book of Three (The Chronicles of Prydain  #1),Lloyd Alexander,3.99,0805080481,9.78081E+12,Juvenile Fiction
36336,Patience  Princess Catherine (Young Royals  #4),Carolyn Meyer,3.79,0152054472,9.78015E+12,Young Adult Fiction
39363,A New Leash on Death (A Dog Lover's Mystery  #1),Susan Conant,3.79,0425146227,9.78043E+12,Fiction
30429,Fanta C (Loveswept   #217),Sandra Brown,3.62,0553218360,9.78055E+12,Fiction
5134,Moksha: Writings on Psychedelics & the Visionary Experience,Aldous Huxley/Michael Horowitz/Cynthia Palmer,4.19,0892817585,9.78089E+12,English prose literature
22951,Shadowkill (Diadem: Shadith's Quest  #3),Jo Clayton/Jo Clayton,3.99,0886774675,9.78089E+12,Philosophy
18874,The Poet  the Warrior  the Prophet,Rubem A. Alves,4.43,0334028965,9.78033E+12,
28533,Well of Darkness (Sovereign Stone  #1),Margaret Weis/Tracy Hickman,3.67,0061020575,9.78006E+12,
30518,Tête-à-Tête: Simone de Beauvoir and Jean-Paul Sartre,Hazel Rowley,4.11,0060520590,9.78006E+12,Social Science
12615,Media Control: The Spectacular Achievements of Propaganda,Noam Chomsky,4.02,1583225366,9.78158E+12,Social Science
21705,The Black Dahlia Files: The Mob  the Mogul  and the Murder That Transfixed Los Angeles,Donald H. Wolfe,3.84,0060582502,9.78006E+12,
28940,Behind the Scenes at the Museum,Kate Atkinson,3.96,0312150601,9.78031E+12,Fiction
41909,Harry Potter ve Sırlar Odası (Harry Potter  #2),J.K. Rowling/Sevin Okyay,4.42,3570211029,9.78357E+12,Fiction
30244,The Killing Dance (Anita Blake  Vampire Hunter  #6),Laurell K. Hamilton,4.13,0425209067,9.78043E+12,Fiction
19307,Pippi in the South Seas,Astrid Lindgren/Gerry Bothmer,4.11,0670557110,9.78067E+12,English imprints
43049,The Sea Wolf,Jack London,4.04,1598184318,9.7816E+12,Fiction
15655,The Kindness of Strangers,Katrina Kittle,4.02,0060564784,9.78006E+12,Fiction
28408,Taxi Driver,Amy Taubin,3.93,0851703933,9.78085E+12,Art
6753,Brief Interviews with Hideous Men,David Foster Wallace,3.86,034911188X,9.78035E+12,Fiction
19337,The Tale of the Flopsy Bunnies,Beatrix Potter,4.19,072324779X,9.78072E+12,Fiction
10263,The Early History of God: Yahweh and the Other Deities in Ancient Israel,Mark S. Smith/Patrick D. Miller,4.03,080283972X,9.7808E+12,Religion
3665,Ghosts,John Banville,3.61,0330371851,9.78033E+12,Fiction
18503,The Faerie Queene,Edmund Spenser,3.56,1840221089,9.78184E+12,
40286,First Meetings: In the Enderverse,Orson Scott Card,3.84,1841493112,9.78184E+12,Child soldiers
34506,The Light Fantastic (Discworld  #2; Rincewind #2),Terry Pratchett,3.97,0061020702,9.78006E+12,Fiction
25685,An Odyssey in Learning and Perception,Eleanor J. Gibson,4.5,026257103X,9.78026E+12,Psychology
7526,The Blind Side: Evolution of a Game,Michael   Lewis,4.18,039306123X,9.78039E+12,Juvenile Fiction
31882,The Matrix and Philosophy: Welcome to the Desert of the Real,William Irwin/Gerald J. Erion/Barry  Smith/Carolyn Korsmeyer/Jonathan J. Sanford/Jason Holt/Theodore Schick Jr./Gregory Bassham/James Lawler/David Mitsuo Nixon,3.91,081269502X,9.78081E+12,
42579,Water  Water Everywhere: A Splash & Giggle Bath Book (Baby Einstein),Julie Aigner-Clark/Nadeem Zaidi,3.71,0786819111,9.78079E+12,Paint
5289,Complete Works of Oscar Wilde,Oscar Wilde/Merlin Holland,4.45,0007144350,9.78001E+12,
2560,Willem de Kooning: Late Paintings,Julie Sylvester/David Sylvester,5,382960226X,9.78383E+12,Art
23475,The Hip Chick's Guide to Macrobiotics: A Philosophy for Achieving a Radiant Mind and a Fabulous Body,Jessica Porter/Michio Kushi,3.69,1583332057,9.78158E+12,Health & Fitness
2071,Freedom Evolves,Daniel C. Dennett,3.83,0142003840,9.78014E+12,Philosophy
38070,Zora Neale Hurston: Critical Perspectives Past And Present (Amistad Literary Series),Henry Louis Gates Jr./Kwame Anthony Appiah,4.2,1567430287,9.78157E+12,Literary Criticism
29152,Yakitate!! Japan  Volume 3,Takashi Hashiguchi,3.97,1421507218,9.78142E+12,
12916,The Aeneid,Virgil/David   West,3.84,0140449329,9.78014E+12,"Epic poetry, Latin"
43992,True Evil,Greg Iles,4.09,0743292499,9.78074E+12,Fiction
7208,Under The Tuscan Sun - At Home In Italy,Frances Mayes,3.75,0767902807,9.78077E+12,Cooking
20239,Watchers of Time (Inspector Ian Rutledge  #5),Charles Todd,3.99,0553583166,9.78055E+12,Fiction
28865,Le Petit Prince,Antoine de Saint-Exupéry,4.31,0156013983,9.78016E+12,Juvenile Fiction
38710,Super Fast Out of Control,Louis Sachar,3.75,0747566828,9.78075E+12,Juvenile Fiction
25012,The Book of My Life,Girolamo Cardano/Jean Stoner/Anthony Grafton,3.75,1590170164,9.78159E+12,Biography & Autobiography
3130,Runaway Bride,Deborah  Gordon,4.25,0380777584,9.78038E+12,Fiction
4515,Las luces de septiembre (Niebla  #3),Carlos Ruiz Zafón,3.77,8423671267,9.78842E+12,Young Adult Fiction
45432,The Supernaturalist,Eoin Colfer,3.86,078685149X,9.78079E+12,Juvenile Fiction
1563,Aristophanes 1: The Acharnians/Peace/Celebrating Ladies/Wealth,Aristophanes/David R. Slavitt,3.83,0812234561,9.78081E+12,Drama
22160,And Then There Were None,Agatha Christie/Hugh Fraser,4.26,1572704497,9.78157E+12,Humor
32957,Caramelo,Sandra Cisneros,3.9,0679742581,9.78068E+12,Fiction
29566,Baltasar and Blimunda,José Saramago/Giovanni Pontiero,3.92,1860469019,9.78186E+12,Fiction
11886,Falconer,John Cheever,3.66,0224014013,9.78022E+12,Fiction
31229,The Ambler Warning,Robert Ludlum,3.72,0312990693,9.78031E+12,Fiction
7664,A New Collection of Three Complete Novels: Congo / Sphere / Eaters of the Dead,Michael Crichton,3.99,0517101351,9.78052E+12,Fiction
6173,The Periodic Table,Primo Levi,4.21,0140296611,9.78014E+12,Biography & Autobiography
19104,The Overcoat and Other Short Stories,Nikolai Gogol,4.21,0486270572,9.78049E+12,Fiction
13337,The Odes,Pindar/Cecil Maurice Bowra/Daniel C. Snell/Dawson William Turner/Maehler/Abraham Moore,3.89,014044209X,9.78014E+12,Fiction
22095,Binary,John Lange,3.53,0394479874,9.78039E+12,
9031,The Devil in the White City Murder  Magic  and Madness at the Fair That Changed America,Erik Larson,3.99,0385602731,9.78039E+12,
35927,Smart Love,Martha Heineman Pieper/William J. Pieper,3.91,1558321829,9.78156E+12,Child rearing
6407,Blessings from the Other Side: Wisdom and Comfort from the Afterlife for This Life,Sylvia Browne/Lindsay Harrison,3.98,0451206703,9.78045E+12,"Body, Mind & Spirit"
44153,Dirty Snow,Georges Simenon/Marc Romano/William T. Vollmann,3.93,1590170431,9.78159E+12,Fiction
40010,Hannibal: Enemy Of Rome,Leonard Cottrell,3.89,0306804980,9.78031E+12,Biography & Autobiography
24040,The Discovery (Dive  #1),Gordon Korman,3.72,0439507227,9.78044E+12,Computers
153,Anna Karenina,Leo Tolstoy/Richard Pevear/Larissa Volokhonsky/John Bayley,4.05,0140449175,9.78014E+12,Literary Collections
2942,A General History of the Pyrates,Daniel Defoe/Manuel Schonhorn/Charles   Johnson,3.72,0486404889,9.78049E+12,
19390,Philosophical Dictionary,Voltaire/Theodore Besterman,4.09,014044257X,9.78014E+12,Foreign Language Study
6294,Howl's Moving Castle (Howl's Moving Castle  #1),Diana Wynne Jones,4.29,006441034X,9.78006E+12,Juvenile Fiction
21874,The Last Kingdom (The Saxon Stories  #1),Bernard Cornwell/Jamie Glover,4.25,0061126578,9.78006E+12,Fiction
1479,Bakkhai,Euripides/Reginald Gibbons/Peter H. Burian,3.88,0195125983,9.7802E+12,Fiction
19508,The Schopenhauer Cure,Irvin D. Yalom,4.22,0060938102,9.78006E+12,Fiction
5509,Anne Frank Remembered: The Story of the Woman Who Helped to Hide the Frank Family,Miep Gies/Alison Leslie Gold,4.29,0671662341,9.78067E+12,Biography & Autobiography
31692,The Complete Novels of Jane Austen,Jane Austen,4.55,1840220554,9.78184E+12,English literature
14240,One Hundred Years of Solitude,Gabriel García Márquez/Gregory Rabassa,4.07,0060750766,9.78006E+12,Fiction
8917,Best Science Fiction Stories of H. G. Wells,H.G. Wells,3.84,0486215318,9.78049E+12,Art
2873,The Virgin Blue,Tracy Chevalier,3.66,0452284449,9.78045E+12,Americans
1667,El túnel,Ernesto Sabato,4.05,8432216429,9.78843E+12,Fiction
2723,The Years of Rice and Salt,Kim Stanley Robinson,3.73,0553580078,9.78055E+12,Fiction
35543,Here  There and Everywhere: My Life Recording the Music of the Beatles,Geoff Emerick/Howard Massey/Elvis Costello,4.25,1592402690,9.78159E+12,
28827,Ghost Hunters: William James and the Search for Scientific Proof of Life After Death,Deborah Blum,3.7,1594200904,9.78159E+12,"Body, Mind & Spirit"
21223,The Cambridge Companion to Schopenhauer,Christopher Janaway,3.83,0521629241,9.78052E+12,Philosophy
41219,Possession,A.S. Byatt,3.89,0679735909,9.78068E+12,Fiction
44987,Kim,Rudyard Kipling,3.72,0486445089,9.78049E+12,Fiction
7510,The Beach House,James Patterson/Peter de Jonge,3.84,0446612545,9.78045E+12,Fiction
25707,Aquinas's Shorter Summa: Saint Thomas's Own Concise Version of His Summa Theologica,Thomas Aquinas,4.14,1928832431,9.78193E+12,Religion
19476,Be More Chill,Ned Vizzini,3.68,0786809965,9.78079E+12,Young Adult Fiction
27170,Dead Of Winter (Louis Kincaid  #2),P.J. Parrish,3.95,0786011890,9.78079E+12,Fiction
24612,Candide,Voltaire/Larousse,3.77,2038717001,9.78204E+12,Fiction
10985,The Town,William Faulkner,4.1,0394701844,9.78039E+12,Fiction
13571,Tsubasa: RESERVoir CHRoNiCLE  Vol. 10,CLAMP/William Flanagan,4.29,0345484304,9.78035E+12,
41394,The Serial Killers Club,Jeff Povey,3.22,0446578428,9.78045E+12,American literature
20425,The Spiral Stair (Arabel and Mortimer  #6),Joan Aiken/Quentin Blake,4.33,1903015073,9.7819E+12,Juvenile Fiction
34053,Just So Stories,Rudyard Kipling,4.09,0517266555,9.78052E+12,
22557,Wasteland of Flint,Thomas Harlan,3.79,0765341131,9.78077E+12,Fiction
30376,Adam's Fall (Mason Sisters  #2),Sandra Brown,3.74,0553567683,9.78055E+12,Fiction
24739,If the River Was Whiskey,T. Coraghessan Boyle,3.94,0140119507,9.78014E+12,Fiction
426,We Tell Ourselves Stories in Order to Live: Collected Nonfiction,Joan Didion/John Leonard,4.5,0307264874,9.78031E+12,Language Arts & Disciplines
13550,From Far Away  Vol. 13,Kyoko Hikawa/Yuko Sawada/Freeman Wong,4.48,1421505401,9.78142E+12,
19531,Les Mandarins: Tome 2,Simone de Beauvoir,4.2,2070367703,9.78207E+12,French fiction
36568,Shadow Lover,Anne Stuart,3.81,0451408691,9.78045E+12,Books
24384,The Cricket in Times Square,George Selden/Garth Williams,4.02,0440228891,9.78044E+12,Biography & Autobiography
2880,Bleach  Volume 01,Tite Kubo,4.22,1591164419,9.78159E+12,
33130,King Richard II,William Shakespeare/Andrew Gurr,3.77,0521532485,9.78052E+12,Literary Collections
1715,Metamorphoses,Ovid/David Raeburn/Denis Feeney,4.05,014044789X,9.78014E+12,Literary Criticism
23017,Presidential Power and the Modern Presidents: The Politics of Leadership from Roosevelt to Reagan,Richard E. Neustadt,3.77,0029227968,9.78003E+12,History
7797,Ten Apples Up On Top!,Theo LeSieg/Dr. Seuss/Roy McKie,4.12,0007169973,9.78001E+12,Literary Criticism
13806,The Thousandfold Thought (The Prince of Nothing  #3),R. Scott Bakker,3.93,158567883X,9.78159E+12,Fiction
23023,Port Mungo,Patrick McGrath,3.32,1400075483,9.7814E+12,Fiction
28747,CivilWarLand in Bad Decline,George Saunders,4.22,0099595818,9.7801E+12,Fiction
5419,'Salem's Lot,Stephen King,4.02,0451092317,9.78045E+12,Fiction
22337,The Neil Gaiman Audio Collection,Neil Gaiman,4.24,0060732989,9.78006E+12,
35347,The Last Story (Remember Me  #3),Christopher Pike,3.65,0689854595,9.78069E+12,Juvenile Fiction
37815,Mark Twain: Selected Works,Mark Twain,4.22,0517053578,9.78052E+12,Fiction
34319,Code Word Kangaroo (Adam Sharp #6),George E. Stanley/Guy Francis,4.14,0375826890,9.78038E+12,Juvenile Fiction
40106,Beatrice's Goat,Page McBrier/Lori Lohstoeter/Hillary Rodham Clinton,4.25,0689869908,9.78069E+12,Juvenile Fiction
3444,Northern Lights,Tim O'Brien,3.29,0767904419,9.78077E+12,Fiction
1685,The Enchiridion on Faith Hope and Love (Augustine Series 1),Augustine of Hippo/Bruce Harbert/John E. Rotelle,4.04,1565481240,9.78157E+12,Philosophy
35781,The Skeptic's Dictionary: A Collection of Strange Beliefs  Amusing Deceptions  and Dangerous Delusions,Robert Todd Carroll,4.02,0471272426,9.78047E+12,Science
22226,The Sultan's Bought Bride  (Princess Brides  #1),Jane Porter,3.74,037312418X,9.78037E+12,Comics & Graphic Novels
13767,Red River  Vol. 16 (Red River  #16),Chie Shinohara,4.45,1421505584,9.78142E+12,Business & Economics
27092,Desde mi cielo,Alice Sebold/Aurora Echevarría,3.81,0307209431,9.78031E+12,Fiction
41232,Culture of Fear Revisited,Frank Furedi,3.52,0826493955,9.78083E+12,Social Science
25352,Coming Out,Danielle Steel,3.51,0385338325,9.78039E+12,Fiction
11934,The Fantasy Worlds of Peter Beagle,Peter S. Beagle,4.21,0345289676,9.78035E+12,Fiction
3483,Special Topics in Calamity Physics,Marisha Pessl,3.71,067003777X,9.78067E+12,Fiction
24873,Dragonflight (Pern: Dragonriders of Pern  #1),Anne McCaffrey/Dick Hill,4.1,1597379514,9.7816E+12,Fiction
11912,Novels 1956–1964: Seize the Day / Henderson the Rain King / Herzog,Saul Bellow/James  Wood,4.19,159853002X,9.7816E+12,Genealogy
8572,Banker,Dick Francis,4.06,0718132386,9.78072E+12,Horse racing
30616,Readings for Meditation and Reflection,C.S. Lewis/Walter Hooper,4.32,0060652853,9.78006E+12,Christian life
27719,The Night of Wishes,Michael Ende/Heike Schwarzbauer/Rick Takvorian/Regina Kehn/Regina Jehn,4.12,0374455031,9.78037E+12,
21498,The Black Marble,Joseph Wambaugh,3.83,0440613965,9.78044E+12,Fiction
435,The Locked Room (The New York Trilogy  #3),Paul Auster,3.89,0940650762,9.78094E+12,Fiction
538,The Lovely Bones,Alice Sebold,3.81,159413023X,9.78159E+12,Fiction
6438,A Supposedly Fun Thing I'll Never Do Again: Essays and Arguments,David Foster Wallace,4.25,0316919896,9.78032E+12,Humor
9544,Owning Your Own Shadow: Understanding the Dark Side of the Psyche,Robert A. Johnson,4.04,0062507540,9.78006E+12,Psychology
36569,Ice Blue (Ice  #3),Anne Stuart,3.94,0778324788,9.78078E+12,Fiction
23937,The Soft Machine (The Nova Trilogy #1),William S. Burroughs,3.35,0802133290,9.7808E+12,Fiction
34179,The Visual Arts: A History,Hugh Honour/John Fleming,3.85,0131935070,9.78013E+12,Art
17944,The Gunslinger (The Dark Tower #1),Stephen King,3.96,0451160525,9.78045E+12,Comics & Graphic Novels
44380,Man Walks Into a Room,Nicole Krauss,3.33,0385721919,9.78039E+12,Amnesiacs
13661,Tehanu (Earthsea Cycle  #4),Ursula K. Le Guin,3.94,1416509631,9.78142E+12,Fiction
42777,Hope is the Thing with Feathers: A Personal Chronicle of Vanished Birds,Christopher Cokinos,4.22,0446677493,9.78045E+12,Nature
32401,King Henry IV  Part 2,William Shakespeare/Arthur Raleigh Humphreys,3.8,1904271065,9.7819E+12,Cities and towns
37911,Shipwreck (Island I),Gordon Korman/Holter Graham,3.8,0439023319,9.78044E+12,Juvenile Fiction
3258,Greek Tragedies  Volume 2,David Grene/Richmond Lattimore/Aeschylus/Sophocles/Euripides,4.29,0226307751,9.78023E+12,Drama
26146,Man's Search for Meaning,Viktor E. Frankl/Ilse Lasch/Harold S. Kushner/William J. Winslade,4.36,0807014273,9.78081E+12,Concentration camp inmates
27424,Works of Hesiod and the Homeric Hymns,Hesiod/Daryl Hine,3.73,0226329658,9.78023E+12,English poetry
20423,India Song,Marguerite Duras/Barbara Bray,3.57,0802131352,9.7808E+12,Drama
38044,Shōgun (Asian Saga  #1),James Clavell,4.39,0340766166,9.78034E+12,Fiction
7591,A Portrait of the Artist as a Young Man,James Joyce/Jim Norton,3.61,9626343664,9.78963E+12,
34672,Shattered Dance,Caitlin Brennan,3.91,037380248X,9.78037E+12,
39961,He Came to Set the Captives Free,Rebecca  Brown,4.09,0883683237,9.78088E+12,
41348,The Echo Maker,Richard Powers,3.38,0312426437,9.78031E+12,Fiction
40485,The O. Henry Prize Stories 2003,Laura Furman/David Guterson/Diane Johnson/Jennifer Egan,3.78,1400031311,9.7814E+12,
14376,Einstein's Dreams,Alan Lightman,4.07,140007780X,9.7814E+12,Fiction
26968,Quicksand,Nella Larsen,3.68,0486451402,9.78049E+12,Fiction
17971,The Eternal Frontier: An Ecological History of North America and Its Peoples,Tim Flannery,4.06,0802138888,9.7808E+12,History
5797,Vanity Fair,William Makepeace Thackeray/John Carey,3.79,0141439831,9.78014E+12,Fiction
39535,Fabulous Small Jews,Joseph Epstein,3.9,0618446583,9.78062E+12,Fiction
27252,Pope Joan,Donna Woolfolk Cross,4.08,0345416260,9.78035E+12,Fiction
15498,Var the Stick (Battle Circle  #2),Piers Anthony,3.76,0552097365,9.78055E+12,Fiction
1188,Risotto: 30 Simply Delicious Vegetarian Recipes from an Italian Kitchen,Ursula Ferrigno/Jason Lowe/Maxine  Clark,4.08,1841721476,0694055000612,Cooking
37773,Collected Poems,Chinua Achebe,3.74,1400076587,9.7814E+12,African poetry (English)
29312,Riddley Walker,Russell Hoban,4.03,074755904X,9.78075E+12,Fiction
16074,A Dubious Codicil,Michael Wharton,3.25,0701130644,9.7807E+12,"Bibliography, National"
15690,Outsider,Albert Camus,3.98,081912141X,9.78082E+12,Algeria
33192,Romeo and Juliet,William Shakespeare/Paul D. Moliken,3.74,1580495788,9.78158E+12,Conflict of generations
22401,The Invisibles  Vol. 4: Bloody Hell in America,Grant Morrison/Phil Jimenez/John Stokes,4.17,1563894440,9.78156E+12,Non-Classifiable
25378,The Dirt: Confessions of the World's Most Notorious Rock Band,Neil Strauss/Vince Neil/Nikki Sixx/Mick Mars/Tommy Lee,4.16,0060989157,9.78006E+12,
14686,The King of Elfland's Daughter,Lord Dunsany/Neil Gaiman,3.84,034543191X,9.78035E+12,Fiction
966,Angeles & Demonios,Dan Brown/Raúl Amundaray,3.89,0972859896,9.78097E+12,Nature
290,Jesus the Son of Man,Kahlil Gibran/جبران خليل جبران,3.98,0394431243,9.78039E+12,"Catalogs, Union"
3025,Basic Economics: A Common Sense Guide to the Economy,Thomas Sowell,4.32,0465002609,9.78047E+12,Business & Economics
16208,The Turn of the Screw/Daisy Miller,Henry James,3.61,0440391547,9.78044E+12,Literary Criticism
25104,The Wake (The Sandman  #10),Neil Gaiman/Michael Zulli/Jon J. Muth/Charles Vess/Mikal Gilmore,4.52,1563892871,9.78156E+12,Comics & Graphic Novels
24607,The Painter of Modern Life and Other Essays (Phaidon Arts and Letters),Charles Baudelaire/Jonathon Mayne,3.96,0714833657,9.78071E+12,Art
12299,The Scarlet Letter,Nathaniel Hawthorne,3.4,0743487567,9.78074E+12,
8228,The First Four Years (Little House  #9),Laura Ingalls Wilder/Cherry Jones,3.89,0060565098,9.78006E+12,Biography & Autobiography
26410,Wissenschaft der Logik: Die Lehre Vom Begriff (1816),Georg Wilhelm Friedrich Hegel,4.78,3787307672,9.78379E+12,Logic
17275,The Very Best of the Feynman Lectures,Richard P. Feynman,4.18,0465099009,9.78047E+12,Computers
11378,Elmer Gantry,Sinclair Lewis,3.99,2859405461,9.78286E+12,
31332,The Vampire Armand (The Vampire Chronicles  #6),Anne Rice,3.76,0345434803,9.78035E+12,Fiction
37379,The Night at the Museum,Milan Trenc,3.91,0764136313,9.78076E+12,Juvenile Fiction
32138,Devil May Care,Elizabeth Peters,3.87,0380731150,9.78038E+12,Fiction
34452,Many Lives  Many Masters: The True Story of a Prominent Psychiatrist  His Young Patient  and the Past Life Therapy That Changed Both Their Lives,Brian L. Weiss,4.16,0446520594,9.78045E+12,Biography & Autobiography
23042,Visiting Mrs Nabokov and Other Excursions,Martin Amis,3.7,0099461870,9.7801E+12,Literary Criticism
37693,New Moon (Moon #6),Rebecca York,3.86,0425216020,9.78043E+12,Young Adult Fiction
37657,The Body in the Lighthouse,Katherine Hall Page,3.68,0380813866,9.78038E+12,Literary Criticism
12885,Lost in the Funhouse,John Barth,3.7,0385240872,9.78039E+12,Fiction
39505,The Burglar Who Painted Like Mondrian (Bernie Rhodenbarr  #5),Lawrence Block,3.88,0060731435,9.78006E+12,Fiction
17290,What Einstein Told His Cook: Kitchen Science Explained,Robert L. Wolke/Marlene Parrish,3.86,0393011836,9.78039E+12,Cooking
22394,The Invisibles  Vol. 7: The Invisible Kingdom,Grant Morrison/Philip Bond/Warren Pleece/Sean Phillips/Jay Stephens/Frank Quitely/Steve Yeowell,4.2,1401200192,9.7814E+12,Anarchism
11481,Sons of Mississippi: A Story of Race and Its Legacy,Paul Hendrickson,3.81,0375704256,9.78038E+12,History
16729,Beach Music,Pat Conroy,4.15,0553381539,9.78055E+12,Fiction
18561,Everest: Mountain Without Mercy,Broughton Coburn/David Breashears/Tim Cahill,4.03,0792269845,9.78079E+12,
2249,The Seven Habits of Highly Effective People,Stephen R. Covey,4.1,0671708635,9.78067E+12,Business & Economics
30510,Paula Spencer,Roddy Doyle,3.78,0670038164,9.78067E+12,Fiction
43555,The Best American Comics 2006,Harvey Pekar/Anne Elizabeth Moore/Esther Pearl Watson/Lilli Carré/Robert Crumb/Chris Ware/Kim Deitch/Jaime Hernández/Alison Bechdel/Joe Sacco/Lynda Barry/Justin Hall/Joel Priddy/Anders Nilsen/David Lasky/Ben Katchor/Rebecca Dart/Ivan Brunetti/Jonathan   Bennett/John Porcellino/David Heatley/Lloyd Dangle/Hob/Gilbert Shelton/Olivia Schanzer/Alex Robinson/Jessica Abel/Seth Tobocman/Rick Geary/Tom Hart/Kurt Wolfgang/Jesse Reklaw,3.87,0618718745,9.78062E+12,
6291,Road of the Patriarch (Forgotten Realms: The Sellswords  #3),R.A. Salvatore,4.19,0786940751,9.78079E+12,Philosophy
13743,Crest of the Stars 3: Return to a Strange World  (Seikai no Monshou  #3),Hiroyuki Morioka,4.25,1598165771,9.7816E+12,
13039,Clea (The Alexandria Quartet #4),Lawrence Durrell,4.18,0140153225,9.78014E+12,Fiction
6296,When Rabbit Howls,Truddi Chase/Robert A. Phillips,4.04,0425183319,9.78043E+12,Psychology
25756,Tornado!,Hilary H. Milton,3.6,0531045420,9.78053E+12,Religion
6112,Siddhartha,Hermann Hesse/Susan Bernofsky/Tom Robbins,4.02,0679643362,9.78068E+12,
30397,Sandra Brown: Three Complete Novels (Best Kept Secrets  Mirror Image  and Slow Heat in Heaven),Sandra Brown,4.21,0517077744,9.78052E+12,
14389,Organic Church: Growing Faith Where Life Happens,Neil Cole/Leonard Sweet,3.88,078798129X,9.78079E+12,Religion
37952,Fiddlers (87th Precinct  #55),Ed McBain/Otto Penzler,3.86,0156032783,9.78016E+12,Fiction
24006,Rule #1: The Simple Strategy for Successful Investing in Only 15 Minutes a Week!,Phil Town,4.02,0307336131,9.78031E+12,Administrative law
24958,The Dark Is Rising Sequence,Susan Cooper,4.28,0140316884,9.78014E+12,Juvenile Fiction
33133,King Richard II,William Shakespeare/Andrew Gurr,3.77,0521297656,9.78052E+12,Literary Collections
3836,Don Quixote,Miguel de Cervantes Saavedra/John Rutherford/Roberto González Echevarría,3.87,0142437239,9.78014E+12,Fiction
6311,Charlie and the Chocolate Factory: A Play,Richard R. George/Roald Dahl,4.33,0140311254,9.78014E+12,Juvenile Nonfiction
19912,Master of Dragons (Mageverse #5),Angela Knight,4.22,0425214249,9.78043E+12,Fiction
28418,Taxi Driver,Paul Schrader,4.12,0571203159,9.78057E+12,Performing Arts
22542,Merlin's Tour of the Universe,Neil deGrasse Tyson,4.02,0385488351,9.78039E+12,Science
20949,American Caesar: Douglas MacArthur 1880-1964,William Manchester,4.15,0316544981,9.78032E+12,Biography & Autobiography
7366,Animals in Translation: Using the Mysteries of Autism to Decode Animal Behavior,Temple Grandin/Catherine  Johnson,4.14,0156031442,9.78016E+12,Medical
7220,The Secret Life of Bees,Sue Monk Kidd,4.05,0143036408,9.78014E+12,Fiction
5210,The Good Earth (House of Earth  #1),Pearl S. Buck,3.98,0743272935,9.78074E+12,American fiction
19786,The Goon Show  Volume 4: My Knees Have Fallen Off!,NOT A BOOK,5,0563388692,9.78056E+12,
14706,Faust  First Part,Johann Wolfgang von Goethe/Peter Salm,3.93,0553213482,9.78055E+12,Drama
14264,World Light,Halldór Laxness/Magnus Magnusson,4.14,0375727574,9.78038E+12,Fiction
13547,Jojo's Bizarre Adventure  Tome 16: L'Expérience du combat ! (Stardust Crusaders  #4),Hirohiko Araki/Hirohiko Araki,4.45,2290328294,9.78229E+12,
30294,Republic,Plato/C.D.C. Reeve,3.94,0872207366,9.78087E+12,Philosophy
36399,Children's Christmas Stories and Poems: In Easy-to-Read Type,Bob Blaisdell/Pat Ronson Stewart,4.5,0486286568,9.78049E+12,
32773,Mountain Madness (Wilderness  #24),David   Robbins/David Thompson,4.45,0843943998,9.78084E+12,
33186,Hamlet  Prince of Denmark,William Shakespeare/Philip Edwards/Robert Hapgood,4.02,0521532523,9.78052E+12,Drama
21341,Jack of Fables  Vol. 1: The (Nearly) Great Escape,Bill Willingham/Matthew Sturges/Tony Akins/Andrew Pepoy,3.58,1401212220,9.7814E+12,Comics & Graphic Novels
35268,The Walrus Was Paul: The Great Beatle Death Clues,R. Gary Patterson/Jay Fox,3.72,0684850621,9.78068E+12,
2881,Bleach  Volume 14,Tite Kubo,4.38,1421506122,9.78142E+12,
43130,It's Winter,Linda Glaser/Glaser Linda/Susan Swan,3.64,0761316809,9.78076E+12,Juvenile Nonfiction
40012,Goodman & Gilman's the Pharmacological Basis of Therapeutics,Laurence L. Brunton/John S. Lazo/Keith  L. Parker,4.29,0071422803,9.78007E+12,Philosophy
23925,18 Best Stories by Edgar Allan Poe,Edgar Allan Poe/Vincent  Price/Chandler Brossard,4.02,0440322278,9.78044E+12,Horror tales
2255,Way of the Peaceful Warrior: A Book That Changes Lives,Dan Millman,4.14,1932073205,9.78193E+12,Fiction
13719,Cromartie High School  Vol. 06,Eiji Nonaka/Brendan Frayne,4.21,1413902626,9.78141E+12,Fiction
37684,The Lion  the Witch and the Wardrobe (Chronicles of Narnia  #1),Hiawyn Oram/C.S. Lewis/Tudor Humphries,4.25,0060556501,9.78006E+12,Juvenile Fiction
44382,Testaments Betrayed: An Essay in Nine Parts,Milan Kundera/Linda Asher/فروغ پوریاوری,4.04,0060927518,9.78006E+12,
34504,Wyrd Sisters (Discworld  #6; Witches #2),Terry Pratchett,4.13,0061020664,9.78006E+12,Fiction
9557,Sputnik Sweetheart,Haruki Murakami/Philip Gabriel,3.83,0099448475,9.7801E+12,Fiction
12321,Beyond Good and Evil,Friedrich Nietzsche/R.J. Hollingdale/Michael Tanner,4.01,014044923X,9.78014E+12,Philosophy
17297,1912 Manuscript on the Special Theory of Relativity,Albert Einstein/Hanoch Gutfreund,4.41,0807615323,9.78081E+12,"Einstein, Albert"
33615,Fourth of July Mice!,Bethany Roberts/Doug Cushman,3.24,0618313664,9.78062E+12,Juvenile Fiction
5371,Amber Brown Is Not a Crayon,Paula Danziger/Tony Ross,3.84,0142406198,9.78014E+12,Juvenile Nonfiction
38461,Tell Me How Long the Train's Been Gone,James Baldwin,4.26,0375701893,9.78038E+12,
11472,We Wish to Inform You That Tomorrow We Will Be Killed with Our Families,Philip Gourevitch,4.24,0312243359,9.78031E+12,Political Science
38585,Small Bites  Big Nights: Seductive Little Plates for Intimate Occasions and Lavish Parties,Govind Armstrong/Lisa Romerein/Tyler Florence,3.6,0307337936,9.78031E+12,
44505,The Best American Essays 2006,Lauren Slater/Robert Atwan,3.88,0618705295,9.78062E+12,Sports
9184,Ballet in Western Culture: A History of Its Origins and Evolution,Carol Lee,3.53,0415942578,9.78042E+12,History
44039,Borges and The Eternal Orangutans,Luis Fernando Verissimo/Margaret Jull Costa,3.81,081121592X,9.78081E+12,Fiction
40421,Escape on Venus (Venus  #4),Edgar Rice Burroughs,3.7,0345370112,9.78035E+12,Fiction
2423,Double Tap (Paul Madriani  #8),Steve Martini,3.92,0515139734,9.78052E+12,Attorney and client
40160,Firebirds: An Anthology of Original Fantasy and Science Fiction,Sharyn November/Lloyd Alexander/Emma Bull/Charles Vess/Michael Cadnum/Kara Dalkey/Nancy Farmer/Nina Kiriki Hoffman/Diana Wynne Jones/Patricia A. McKillip/Garth Nix/Meredith Ann Pierce/Delia Sherman/Sherwood Smith/Nancy Springer/Megan Whalen Turner/Elizabeth Wein/Laurel Winter,3.96,0142403202,9.78014E+12,
43219,Hegemony and Socialist Strategy: Towards a Radical Democratic Politics,Ernesto Laclau/Chantal Mouffe,3.89,1859843301,9.78186E+12,Philosophy
23257,The Great Philosophers: An Introduction to Western Philosophy,Bryan Magee/Myles Burnyeat/Martha C. Nussbaum/Anthony Kenny/Bernard Williams/Anthony Quinton/Michael  Ayres/John Passmore/Geoffrey Warnock/Peter Singer/Frederick Charles Copleston/J. P. Stern/Hubert L. Dreyfus/Sidney Morgenbesser/A.J. Ayer/John Rogers Searle,4.07,019289322X,9.78019E+12,
30298,The Symposium,Plato/Christopher Gill,4.04,0140446168,9.78014E+12,Philosophy
36822,Doctor Tandy's First Guide to Life Extension and Transhumanity,Charles Tandy/Raël/William Faloon/R. Michael Perry/Robin Hanson/Nick Bostrom/Robert A. Freitas Jr./Christopher J. Phoenix/Avatar Polymorph/Jim Yount,4,1581126506,9.78158E+12,
10079,Mary Queen of Scots,Antonia Fraser,4.05,038531129X,9.78039E+12,Biography & Autobiography
26156,Peanuts: The Art of Charles M. Schulz,Chip Kidd/Jean Schulz/Charles M. Schulz/Geoff Spear,4.38,0375714634,9.78038E+12,Art
9590,God Bless You  Mr. Rosewater,Kurt Vonnegut Jr.,3.96,0385333471,9.78039E+12,American fiction
13944,The Secret Life of Houdini: The Making of America's First Superhero,William Kalush/Larry Sloman,3.87,0743272072,9.78074E+12,
14414,Barron's Book Notes: Lord of the Flies,Michael Spring/William Golding,3.67,0812034260,9.78081E+12,Fiction
44186,The Monster at the End of this Book,Jon Stone/Michael J. Smollin,4.44,037582913X,9.78038E+12,Juvenile Fiction
44002,Never Far From Nowhere,Andrea Levy,3.7,0747252130,9.78075E+12,Social Science
22789,犬夜叉 24,Rumiko Takahashi,4.26,4091256449,9.78409E+12,"Fantasy comic books, strips, etc"
11643,Te Kaihau: The Windeater,Keri Hulme,3.72,0807611689,9.78081E+12,Fiction
8630,The Ionian Mission (Aubrey/Maturin  #8),Patrick O'Brian/Simon Vance,4.32,0786177837,9.78079E+12,Fiction
16809,Christopher and His Kind,Christopher Isherwood,4.11,0816638632,9.78082E+12,
22691,The Other Woman,Ann  O'Leary,3.64,1562802348,9.78156E+12,Fiction
24093,Street Magic (The Circle Opens  #2),Tamora Pierce,4.15,0590396439,9.78059E+12,Juvenile Fiction
16878,Arctic Dreams,Barry  Lopez,4.21,0375727485,9.78038E+12,Nature
24591,The Short Stories  Vol 3,Ernest Hemingway/Stacy Keach,3.77,0743527291,9.78074E+12,
44455,Not Much Fun: The Lost Poems of Dorothy Parker,Dorothy Parker/Stuart Y. Silverstein,4.18,0743211480,9.78074E+12,Biography & Autobiography
30314,Embracing Love  Vol. 4,Youka Nitta,4.34,1933440171,9.78193E+12,Comics & Graphic Novels
9864,The Ground Beneath Her Feet,Salman Rushdie,3.79,0312254997,9.78031E+12,Fiction
22763,Open House,Elizabeth Berg,3.7,0099461269,9.7801E+12,Fiction
20517,Vicars of Christ: A History of the Popes,Charles A. Coulombe,3.94,0806523700,9.78081E+12,Religion
23717,Rumic World Trilogy  Volume 3 (Rumic World Trilogy  #3),Rumiko Takahashi,3.88,1569312060,9.78157E+12,
11285,Vengeance (Joe Kurtz  #1),Dan Simmons,3.68,2268041042,9.78227E+12,History
22514,The Beatles and Philosophy: Nothing You Can Think that Can't Be Thunk,Michael Baur/Steven Baur/James S. Spiegel,3.63,0812696069,9.78081E+12,Philosophy
7003,If I Don't Write It Nobody Else Will: An Autobiography,Eric Sykes,3.88,0007177844,9.78001E+12,Fiction
5102,The Handmaid's Tale,Margaret Atwood/Valerie Martin,4.11,0307264602,9.78031E+12,Fiction
43459,Ice (Shooting Stars  #2),V.C. Andrews,3.75,0671039946,9.78067E+12,Sports & Recreation
25463,The Essential John Nash,John F. Nash/Harold William Kuhn/Sylvia Nasar,3.89,0691096104,9.78069E+12,
22436,The Meaning of Relativity (Science Library),Albert Einstein/Brian Greene,4.32,0691120277,9.78069E+12,Science
13194,Green Arrow  Vol. 1: Quiver,Kevin Smith/Phil Hester/Ande Parks,4.07,1563899655,9.78156E+12,Comics & Graphic Novels
27827,Eugene Onegin: A Novel in Verse (Vol. 1),Alexander Pushkin/Vladimir Nabokov,4.09,0691019053,9.78069E+12,Literary Criticism
41053,No Cherubs for Melanie,James  Hawkins,4,1550023926,9.78155E+12,
17915,Arcadia,Tom Stoppard,4.19,1568651376,9.78157E+12,Drama
17608,Everybody Was Kung Fu Fighting: Afro-Asian Connections and the Myth of Cultural Purity,Vijay Prashad,3.95,0807050113,9.78081E+12,Social Science
12143,You Come Too: Favorite Poems for Readers of All Ages,Robert Frost/Noel Perrin,4.15,0805069852,9.78081E+12,Juvenile Nonfiction
41376,Flirting with Danger,Linda Turner,3.57,037307316X,9.78037E+12,Fiction
14169,Touching the Rock: An Experience of Blindness,John M. Hull/Oliver Sacks,3.98,067973547X,9.78068E+12,Biography & Autobiography
2445,Teaching English Abroad,Susan  Griffith,3.57,1854583522,9.78185E+12,Business & Economics
33692,Mediterranean Winter: The Pleasures of History & Landscape in Tunisia  Sicily  Dalmatia & Greece,Robert D. Kaplan,3.92,037550804X,9.78038E+12,Travel
19484,Hand to Mouth: A Chronicle of Early Failure,Paul Auster,3.62,0312422326,9.78031E+12,Biography & Autobiography
10778,Across the River and into the Trees,Ernest Hemingway,3.33,0684844648,9.78068E+12,Fiction
40604,The Life and Opinions of Tristram Shandy  Gentleman,Laurence Sterne/Robert Folkenflik,3.74,0375761195,9.78038E+12,Literary Criticism
16806,The Man and the Author: John Milton: Twentieth Century Perspectives,J. Martin Evans,0,0415940478,9.78042E+12,
1206,Freakonomics: A Rogue Economist Explores the Hidden Side of Everything,Steven D. Levitt/Stephen J. Dubner,3.97,0061245135,9.78006E+12,Education
44510,The Best American Crime Writing 2006,Mark Bowden/Otto Penzler/Thomas H. Cook/S.C. Gwynne/Paige Williams/Mary Battiata/Howard Blum/John Connolly/Richard Rubin/Chuck Hustmyre/David Friedman/Denise Grollmus/Deanne Stillman/Jeffrey Toobin/Skip Hollandsworth/Jimmy Breslin/John Heilemann/Mark Jacobson/Robert Nelson,4,0060815523,9.78006E+12,
42519,Eisenhower: Soldier and President,Stephen E. Ambrose,3.98,0671747584,9.78067E+12,Biography & Autobiography
39191,La máquina de follar,Charles Bukowski,3.92,8433920448,9.78843E+12,
31462,Far from the Madding Crowd,Thomas Hardy/Suzanne Keen,3.94,0451528565,9.78045E+12,Literary Criticism
22803,犬夜叉 26,Rumiko Takahashi,4.28,4091256465,9.78409E+12,
8628,The Making of Master and Commander: The Far Side of the World,Tom McGregor,3.97,0393325539,9.78039E+12,Performing Arts
10971,Hydra's Ring (Outlanders  #39),James Axler,3.88,0373638523,9.78037E+12,Fiction
2536,The Year of the Death of Ricardo Reis,José Saramago/Giovanni Pontiero,4.02,1860465021,9.78186E+12,Fiction
21031,When Nietzsche Wept,Irvin D. Yalom,4.32,0060748125,9.78006E+12,Fiction
4654,The Imaginary Girlfriend,John Irving,3.42,0345458265,9.78035E+12,Biography & Autobiography
18518,The Diary of Virginia Woolf  Volume One: 1915-1919,Virginia Woolf/Anne Olivier Bell/Quentin Bell,4.32,0156260360,9.78016E+12,
40789,Voyage of the Turtle: In Pursuit of the Earth's Last Dinosaur,Carl Safina,4.24,0805078916,9.78081E+12,Nature
6144,The Moonstone,Wilkie Collins/P.D. James,3.91,0192100289,9.78019E+12,
31072,Under the Volcano,Malcolm Lowry,3.79,0060955228,9.78006E+12,
20238,A Fearsome Doubt (Inspector Ian Rutledge  #6),Charles Todd,4.04,0553583174,9.78055E+12,Fiction
14107,Death of a Snob (Hamish Macbeth  #6),M.C. Beaton,3.78,0553409689,9.78055E+12,
40459,Ragtime,E.L. Doctorow,3.88,0553026003,9.78055E+12,Fiction
2557,De Kooning: An American Master,Mark Stevens/Annalyn Swan,4.11,0375711163,9.78038E+12,Biography & Autobiography
26596,E.E. Cummings: Complete Poems 1904-1962 (Revised  Corrected  and Expanded Edition),E.E. Cummings/George J. Firmage,4.35,0871401525,9.78087E+12,Poetry
20869,One is the Loneliest Number (Tom Clancy's Net Force Explorers  #3),Diane Duane/Tom Clancy/Steve Pieczenik,3.95,0425164179,9.78043E+12,Fiction
7796,Cattus Petasatus: The Cat in the Hat in Latin,Dr. Seuss/Jennifer Morrish Tunberg/Terence Tunberg/Terence O. Tunberg/Guenevera Tunberg/Terentio Tunberg,4.17,0865164711,9.78087E+12,
40530,Time and Again: Time Was / Times Change,Nora Roberts,3.77,0373484410,9.78037E+12,Fiction
18281,Introduction to Phenomenology,Robert Sokolowski,3.98,0521667925,9.78052E+12,Philosophy
40260,The Great Ape Project: Equality Beyond Humanity,Paola Cavalieri/Peter Singer,4.05,031211818X,9.78031E+12,Nature
3291,The Stories of Eva Luna,Isabel Allende,3.97,0743217187,9.78074E+12,Fiction
36025,Mysteries,Colin Wilson,4.08,1842931857,9.78184E+12,Large print books
21665,The Best American Mystery Stories 2004,Nelson DeMille/Otto Penzler,3.55,0618497420,9.78062E+12,American literature
32767,At the Mountains of Madness,H.P. Lovecraft/China Miéville/S.T. Joshi,3.88,0812974417,9.78081E+12,
27269,The Glass House (Captain Lacey  #3),Ashley Gardner,4.04,0425199436,9.78043E+12,
20258,Doctor Who Short Trips: Repercussions,Gary Russell/Peter Anghelides/J. Shaun Lyon/Jon de Burgh Miller/Eddie Robson/Todd Green/Andy Russell/Andrew Collins/Kathryn Sullivan/Iain McLaughlin/Mark Michalowski/Joseph Lidster/Trevor Baxendale/Colin Brake/Claire Bartlett/Sarah Groenewegen/Trey Korte/Andy Frankham-Allen,3.38,1844350487,9.78184E+12,
19685,Cutting Edge (Tom Clancy's Power Plays  #6),Jerome Preisler/Tom Clancy/Martin Greenberg,3.86,0425187055,9.78043E+12,
3875,The Sun Also Rises,Ernest Hemingway/William Hurt,3.82,0743564413,9.78074E+12,Young Adult Fiction
9838,The Bookseller of Kabul,Åsne Seierstad/Ingrid Christopherson,3.77,0316159417,9.78032E+12,Biography & Autobiography
18770,The Modern Mind: An Intellectual History of the 20th Century,Peter Watson,4.26,0060084383,9.78006E+12,History
42198,The Icarus Agenda,Robert Ludlum,3.96,0752858505,9.78075E+12,Asia
12016,Look to Windward (Culture  #7),Iain M. Banks,4.2,0743421922,9.78074E+12,Fiction
576,1000 Record Covers,Michael Ochs/Patrick Javault/Ulrike Wasel,3.85,3822840858,9.78382E+12,"Europe, German-speaking"
16388,Lord Emsworth and Others (Blandings Castle  #5.5),P.G. Wodehouse,4.16,1585672777,9.78159E+12,Blandings Castle (England : Imaginary place)
2253,Daily Reflections For Highly Effective People: Living the 7 Habits of Highly Successful People Every Day,Stephen R. Covey,3.9,0671887173,9.78067E+12,Business & Economics
16627,Magic Carpet Ride: The Autobiography of John Kay and Steppenwolf,John     Kay/John Einarson,4.1,1550821083,9.78155E+12,Rock groups
164,The Untouchables,Eliot Ness/Oscar Fraley,3.89,1568491980,9.78157E+12,Criminals
6366,My Heart May Be Broken  but My Hair Still Looks Great (Domestic Equalizers #2),Dixie Cash,3.88,0061134236,9.78006E+12,Fiction
7264,Dominion (Ollie Chandler #2),Randy Alcorn,4.22,1590525930,9.78159E+12,Fiction
2186,The Family Idiot 5: Gustave Flaubert 1821-1857,Jean-Paul Sartre/Carol Cosman,3.8,0226735192,9.78023E+12,Fiction
8199,Writings to Young Women from Laura Ingalls Wilder: On Life as a Pioneer Woman (Writings to Young Women from Laura Ingalls Wilder #2),Laura Ingalls Wilder/Stephen W. Hines,3.92,1400307856,9.7814E+12,Juvenile Nonfiction
1709,Kitchen Confidential: Adventures in the Culinary Underbelly,Anthony Bourdain,4.07,0060934913,9.78006E+12,Biography & Autobiography
15245,The Return of the King (The Lord of the Rings  #3),J.R.R. Tolkien,4.53,0007171994,9.78001E+12,Song cycles
6694,The Giraffe and the Pelly and Me,Roald Dahl/Quentin Blake,3.82,0140568190,9.78014E+12,Juvenile Fiction
10412,He's Just Not That Into You: The No-Excuses Truth to Understanding Guys,Greg Behrendt/Liz Tuccillo,3.66,141694740X,9.78142E+12,Family & Relationships
1586,Lysistrata,Aristophanes/Douglass Parker,3.85,0451616227,9.78045E+12,Fiction
19090,Middlemarch,George Eliot/Megan McDaniel/Lynne Sharon Schwartz/Lynn Sharon Schwartz,3.96,1593080239,9.78159E+12,Fiction
35244,Frankenstein (SparkNotes Literature Guide),SparkNotes/Mary Wollstonecraft Shelley,3.5,1586633570,9.78159E+12,Study Aids
18520,The Diary of Virginia Woolf  Volume Three: 1925-1930,Virginia Woolf/Anne Olivier Bell/Andrew McNeillie,4.42,0156260387,9.78016E+12,
1531,Aeschylus 2: The Persians/Seven Against Thebes/The Suppliants/Prometheus Bound,Aeschylus/David R. Slavitt/Smith Palmer Bovie,4.1,0812216717,9.78081E+12,Drama
26206,Me vs. Me,Sarah Mlynowski,3.67,0373895887,9.78037E+12,Fiction
44030,Looking East,Steve McCurry,4.55,0714846376,9.78071E+12,Photography
14305,The Greenlanders,Jane Smiley,3.9,1400095468,9.7814E+12,Fiction
2204,The John Adams Reader: Eseential Writings on an American Composer,Thomas May/John   Adams,3.5,1574671324,9.78157E+12,Biography & Autobiography
10718,Something Happened,Joseph Heller,3.52,0684841215,9.78068E+12,Fiction
40995,Sword & Citadel (The Book of the New Sun #3-4),Gene Wolfe,4.32,0312890184,9.78031E+12,Science
1521,Oresteia,Aeschylus/Peter Meineck/Helene P. Foley,4.02,0872203905,9.78087E+12,Literary Criticism
3918,Divorcio a la Francesa: Le Divorce,Diane Johnson/Carlos Milla Soler/Roberto Fernandez Sastre,2.88,8420466557,9.78842E+12,Fiction
10534,The Art of War,Sun Tzu/Thomas Cleary/Pulat Otkan/Giray Fidan,3.97,1590302257,9.78159E+12,Self-Help
7850,The Girl in the Flammable Skirt,Aimee Bender,3.88,0385492162,9.78039E+12,Fiction
9423,The Secret Dreamworld of a Shopaholic (Shopaholic  #1),Sophie Kinsella,3.64,0552998877,9.78055E+12,Fiction
24473,See How She Dies,Lisa Jackson,3.9,0821776053,9.78082E+12,Fiction
16349,Hercule Poirot's Christmas (Hercule Poirot  #20),Agatha Christie,3.94,0007120699,9.78001E+12,Detective and mystery stories
23228,Boy Meets Boy,David Levithan,3.84,0375832998,9.78038E+12,Young Adult Fiction
22541,Just Visiting This Planet: Merlin Answers More Questions about Everything Under the Sun  Moon  and Stars,Neil deGrasse Tyson/Stephen Tyson,4.17,0385488378,9.78039E+12,
29658,Postwar: A History of Europe Since 1945,Tony Judt,4.34,0143037757,9.78014E+12,History
35308,Dirt (Stone Barrington  #2),Stuart Woods,3.89,0061094234,9.78006E+12,Fiction
17323,A Visitation of Spirits,Randall Kenan,3.76,0375703977,9.78038E+12,
7445,The Glass Castle,Jeannette Walls,4.27,074324754X,9.78074E+12,Biography & Autobiography
27618,Hasta que te encuentre,John Irving/Carlos Milla Soler,3.63,8483103311,9.78848E+12,Fiction
37750,Everything I Needed to Know about Being a Girl I Learned from Judy Blume,Jennifer O'Connell/Meg Cabot/Megan McCafferty/Melissa Senate/Diana Peterfreund/Stephanie Lessing/Laura Ruby/Erica Orloff/Stacey Ballis/Julie Kenner/Kristin Harmel/Jennifer Coburn/Elise Juska/Kyra Davis/Beth Kendrick/Berta Platas/Lynda Curnyn/Kayla Perrin/Cara Lockwood/Alison Pace/Megan Crane/Lara Deloza/Laura Caldwell/Shanna Swendson,3.47,1416531041,9.78142E+12,
1800,Love  Sex & Tragedy: How the Ancient World Shapes Our Lives,Simon Goldhill,3.79,0226301192,9.78023E+12,
44531,Fantastic Mr Fox and Other Animal Stories,Roald Dahl,3.95,0141805641,9.78014E+12,Juvenile Fiction
1371,The Iliad,Homer/Robert Fagles/Bernard Knox,3.86,0140275363,9.78014E+12,Reference
29036,The Great Influenza: The Story of the Deadliest Pandemic in History,John M. Barry,3.96,0143036491,9.78014E+12,History
4673,The Great Gatsby,Kathleen Parkinson/F. Scott Fitzgerald,3.88,0140771972,9.78014E+12,Literary Criticism
434,Ghosts (The New York Trilogy  #2),Paul Auster,3.64,014009735X,9.78014E+12,
5319,A Christmas Story,Jean Shepherd,4.08,0767916220,9.78077E+12,Fiction
16720,As She Climbed Across the Table,Jonathan Lethem,3.67,0375700129,9.78038E+12,Fiction
11594,La Torre Oscura VII - Tomo 2 of 2 (La Torre Oscura  #7),Stephen King/Verónica Canales,4.24,9506440824,9.78951E+12,
7214,Blue Like Jazz: Nonreligious Thoughts on Christian Spirituality,Donald Miller,3.9,0785263705,9.78079E+12,Biography & Autobiography
41840,100 Great Fantasy Short Short Stories,Isaac Asimov/Terry Carr/Martin H. Greenberg/Janet  Fox,3.91,0380699176,9.78038E+12,
45283,Todo está iluminado,Jonathan Safran Foer,3.9,8497930975,9.7885E+12,Fiction
40081,The Meanest Doll in the World (Doll People  #2),Ann M. Martin/Laura Godwin/Brian Selznick,3.96,0786852976,9.78079E+12,Juvenile Fiction
16803,The Complete Poems and Major Prose,John Milton/Merritt Y. Hughes,4.18,0872206785,9.78087E+12,Poetry
43888,The Sword of Truth  Boxed Set I: Wizard's First Rule  Blood of the Fold  Stone of Tears (Sword of Truth  #1-3),Terry Goodkind,4.29,0812575601,9.78081E+12,
30403,Play Dirty,Sandra Brown,3.92,0743289358,9.78074E+12,Fiction
31271,The Matlock Paper,Robert Ludlum,3.88,0752858637,9.78075E+12,Fiction
17057,From Sawdust to Stardust: The Biography of DeForest Kelley,Terry Lee Rioux,4.08,0743457625,9.78074E+12,Fiction
24073,The Contest (Everest  #1),Gordon Korman,3.85,0439401399,9.78044E+12,Juvenile Fiction
22163,The Wild Trees: A Story of Passion and Daring,Richard   Preston,4.09,1400064899,9.7814E+12,
16782,The Case of the Curious Bride (Perry Mason Mystery),Erle Stanley Gardner,3.87,0345437837,9.78035E+12,Criminal defense lawyers
25172,The Dirty Duck (Richard Jury  #4),Martha Grimes,3.94,0451411390,9.78045E+12,Detective and mystery stories
2112,The Art of Nonfiction: A Guide for Writers and Readers,Ayn Rand/Robert Mayhew/Peter   Schwartz,3.96,0452282314,9.78045E+12,
28569,Praying for Sleep,Jeffery Deaver,3.8,0451203054,9.78045E+12,Fiction
29593,A Place So Foreign and Eight More,Cory Doctorow/Bruce Sterling,3.72,1568582862,9.78157E+12,
25401,Maya,Jostein Gaarder/James Anderson,3.6,0753811464,9.78075E+12,Fiction
26046,Morrigan's Cross (Circle Trilogy  #1),Nora Roberts,4.14,0515141658,9.78052E+12,Fiction
13932,The Noonday Demon: An Atlas of Depression,Andrew Solomon,4.18,0684854678,9.78068E+12,Biography & Autobiography
17216,Starship Troopers,Robert A. Heinlein,4.01,1568654308,9.78157E+12,Fiction
31695,Jane and the Wandering Eye (Jane Austen Mysteries  #3),Stephanie Barron,3.86,0553578170,9.78055E+12,Fiction
8771,When I Feel Angry,Nancy Cote/Cornelia Maude Spelman,3.98,0807588970,9.78081E+12,Fiction
18799,Sodom and Gomorrah (In Search of Lost Time  #4),Marcel Proust/Christopher Prendergast/John Sturrock,4.35,0143039318,9.78014E+12,Literary Criticism
37105,Cat's Cradle (Cat  #1),William W. Johnstone,3.85,0821718258,9.78082E+12,Fiction
29404,Your Child and Jesus: A Family Activity Book,Rick Osborne/Kevin Miller,0,080242855X,9.7808E+12,Family & Relationships
6346,Phaedo,Plato/Eva Brann/Peter Kalkavage/Eric Salem,4.04,0941051692,9.78094E+12,
12723,Ride the Moon Down,Terry C. Johnston,4.15,0553572822,9.78055E+12,Fiction
22967,Lidia's Italy,Lidia Matticchio Bastianich/Tanya Bastianich Manuali/David Nussbaum/Christopher Hirsheimer,4.21,1400040361,9.7814E+12,
7615,Farm Animals (A Chunky Book),Phoebe Dunn,3.86,0394862546,9.78039E+12,Juvenile Fiction
5316,Uncle Scrooge #359,Don Rosa/Carl Barks/Lars Jensen/Pat McGreal/Carol McGreal/Frank Jonker/Romano Scarpa/Mau Heymans/José Massaroli,3.88,1888472421,9.78189E+12,"Comic books, strips, etc"
29898,The Wars,Timothy Findley,3.88,0571207995,9.78057E+12,Canadian fiction
28724,Four & Twenty Blackbirds (Bardic Voices  #4),Mercedes Lackey,3.81,0671577786,9.78067E+12,Commercial catalogs
5969,A Sparrow Falls (Courtney #3),Wilbur Smith,4.19,0312940688,9.78031E+12,Fiction
16185,The Wise Woman,Philippa Gregory,3.32,0006514642,9.78001E+12,
14748,Good in Bed (Cannie Shapiro  #1),Jennifer Weiner,3.72,0743418174,9.78074E+12,
33543,Collected Stories  Vol. 2,Richard Matheson/Stanley Wiater/Jack Finney/George Clayton Johnson,4.32,1887368795,9.78189E+12,"Fantasy fiction, American"
27002,First Among Sequels (Thursday Next  #5),Jasper Fforde,4.02,0670038717,9.78067E+12,Fiction
15320,Exquisite Corpse,Poppy Z. Brite,3.75,0684836270,9.78068E+12,Fiction
7531,The Idiot Girls' Action-Adventure Club: True Tales from a Magnificent and Clumsy Life,Laurie Notaro,3.88,0375760911,9.78038E+12,
37070,Let It Be Love (Effingtons  #11),Victoria Alexander,3.79,0060593202,9.78006E+12,Poetry
15956,True Believer,Nicholas Sparks,3.8,0446532436,9.78045E+12,Fiction
1658,American Government: Continuity and Change  Alternate Edition,Karen  O'Connor/Larry J. Sabato,2.83,0321317106,9.78032E+12,
1937,Little Women,Louisa May Alcott/Jessie Willcox Smith/Frank T. Merrill,4.07,0517221160,9.78052E+12,Juvenile Fiction
43010,The Curious Incident of the Dog in the Night-Time,Mark Haddon,3.88,1419317261,9.78142E+12,Fiction
32811,The Divine Comedy,Dante Alighieri/C.H. Sisson/David H. Higgins,4.07,0192835025,9.78019E+12,
28087,Gabriel García Márquez: One Hundred Years of Solitude,Michael  Wood,4.54,0521316928,9.78052E+12,Fiction
30347,The Alibi,Sandra Brown,4.04,0446618675,9.78045E+12,Fiction
30851,A Woman in Berlin: Eight Weeks in the Conquered City: A Diary,Anonymous/Philip Boehm/Hans Magnus Enzensberger,4.33,0312426119,9.78031E+12,Biography & Autobiography
22286,Clown Girl,Monica Drake/Chuck Palahniuk,3.39,0976631156,9.78098E+12,Fiction
30659,Meditations,Marcus Aurelius/Martin Hammond/Albert Wittstock/Diskin Clay,4.23,0140449337,9.78014E+12,Humor
31916,Philosophy: The Classics,Nigel Warburton,3.89,0415356296,9.78042E+12,
5167,Cane River,Lalita Tademy,4.06,0446678457,9.78045E+12,Fiction
22656,Jemima J.: For those who love Faking Friends and My Sweet Revenge by Jane Fallon,Jane Green,3.65,0140276904,9.78014E+12,
24770,Uglies (Uglies  #1),Scott Westerfeld,3.86,0689865384,9.78069E+12,Juvenile Fiction
1449,The Peloponnesian War: A New Translation  Backgrounds  Interpretations,Thucydides/Jennifer Tolbert Roberts/Walter Blanco,3.9,0393971678,9.78039E+12,
25129,The Ecological Approach to Visual Perception,James J. Gibson,4.26,0898599598,9.7809E+12,
13375,A Complicated Kindness (Bookclub-In-A-Box),Marilyn Herbert/Miriam Toews,4,1897082274,9.7819E+12,
39308,The Damned (Vampire Huntress  #6),L.A. Banks,4.28,0312336241,9.78031E+12,Fiction
31313,Dance of the Gods (Circle Trilogy  #2),Nora Roberts,4.15,0515141666,9.78052E+12,
44053,Odes to Common Things,Pablo Neruda/Ferris Cook/Ken Krabbenhoft,4.39,0821220802,9.78082E+12,Literary Criticism
4337,The Zanzibar Chest,Aidan Hartley,4.01,1594480117,9.78159E+12,Biography & Autobiography
28877,Red Dragon (Hannibal Lecter  #1),Thomas  Harris,4.04,0525945563,9.78053E+12,Fiction
44034,Masters of Small Worlds: Yeoman Households  Gender Relations  and the Political Culture of the Antebellum South Carolina Low Country,Stephanie McCurry,3.69,0195117956,9.7802E+12,
38211,The Art of Happiness at Work,Dalai Lama XIV/Howard C. Cutler,3.95,0340831200,9.78034E+12,Religion
1805,Foucault's Virginity: Ancient Erotic Fiction & the History of Sexuality (Stanford Memorial Lecture),Simon Goldhill,3.73,0521479347,9.78052E+12,
41278,Kick the Can (One-Eyed Mack  #1),Jim Lehrer,3.85,1571780599,9.78157E+12,Fiction
19295,Ten Days to Self-Esteem,David D. Burns,3.96,0688094554,9.78069E+12,Self-Help
7534,There's a (Slight) Chance I Might Be Going to Hell: A Novel of Sewer Pipes  Pageant Queens  and Big Trouble,Laurie Notaro,3.55,1400065011,9.7814E+12,
41379,As Nature Made Him: The Boy Who Was Raised as a Girl,John Colapinto,3.97,0060929596,9.78006E+12,Biography & Autobiography
42926,Nightingale's Song,Kate Pennington,3.02,0340878754,9.78034E+12,
23526,Classic Myths to Read Aloud: The Great Stories of Greek and Roman Mythology  Specially Arranged for Children Five and Up by an Educational Expert,William F. Russell,4.12,0517588374,9.78052E+12,
32691,Four Past Midnight,Stephen King,3.93,0451213599,9.78045E+12,Fiction
41097,What are the Seven Wonders of the World?: And 100 Other Great Cultural Lists—Fully Explicated,Peter D'Epiro/Mary Desmond Pinkowish,3.77,0385490623,9.78039E+12,
4329,H. P. Lovecraft's Dreamlands (Call of Cthulhu RPG),Chris  Williams/Sandy Petersen,3.97,1568821573,9.78157E+12,
25055,Mrs. Piggle-Wiggle Treasury (Mrs. Piggle Wiggle  #1-2  #4),Betty MacDonald/Hilary Knight,4.46,0060248122,9.78006E+12,Juvenile Fiction
16280,Why Are All The Black Kids Sitting Together in the Cafeteria?: A Psychologist Explains the Development of Racial Identity,Beverly Daniel Tatum,4.21,0465083617,9.78047E+12,Social Science
8087,Deerskin,Robin McKinley,3.89,0441012396,9.78044E+12,Fiction
17518,The Trolley Car Family,Eleanor Clymer/Ursula Koering,4.14,0590407325,9.78059E+12,
44045,A Universal History of Iniquity,Jorge Luis Borges/Andrew Hurley,3.97,0142437891,9.78014E+12,
16187,The Little House,Philippa Gregory,3.68,0006496431,9.78001E+12,Fiction
32994,Maverick: The Success Story Behind the World's Most Unusual Workplace,Ricardo Semler,4.17,0712678867,9.78071E+12,Biography & Autobiography
6994,Dumbing Down Our Kids: Why American Children Feel Good About Themselves But Can't Read  Write or Add,Charles J. Sykes,3.71,0312148232,9.78031E+12,
35792,The Crowd/Extraordinary Popular Delusions & the Madness of Crowds,Gustave Le Bon/Charles Mackay,3.93,0934380236,9.78093E+12,
26591,Ancient Greece and the Olympics (Magic Tree House Research Guide  #10),Mary Pope Osborne/Natalie Pope Boyce/Salvatore Murdocca,4.05,0375823786,9.78038E+12,Juvenile Nonfiction
6129,Siddhartha,Hermann Hesse,4.02,2253008486,9.78225E+12,Fiction
3660,Athena (The Freddie Montgomery Trilogy #3),John Banville,3.66,0679736859,9.78068E+12,Fiction
33333,Searching for God Knows What,Donald Miller,3.92,0785263713,9.78079E+12,Religion
21493,Fire Lover: A True Story,Joseph Wambaugh,3.72,006009527X,9.78006E+12,
30966,Rounding the Mark (Inspector Montalbano  #7),Andrea Camilleri/Stephen Sartarelli,4.07,014303748X,9.78014E+12,Large type books
45486,His Dark Materials (His Dark Materials  #1-3),Philip Pullman,4.26,0375847227,9.78038E+12,
17905,Plays 5: Arcadia / The Real Thing / Night and Day / Indian Ink / Hapgood,Tom Stoppard,4.29,0571197515,9.78057E+12,
32509,Tales From Shakespeare,Charles Lamb/Mary Lamb/Arthur Rackham,3.96,1853261408,9.78185E+12,
2309,Novellas and Other Writings: Madame de Treymes / Ethan Frome / Summer / Old New York / The Mother’s Recompense / A Backward Glance,Edith Wharton/Cynthia Griffin Wolff,4.22,0940450534,9.78094E+12,
245,Henry Miller on Writing,Henry Miller/Thomas H. Moore,4.22,0811201120,9.78081E+12,
44179,The World Made Straight,Ron Rash,3.87,0312426607,9.78031E+12,Fiction
26586,The Land of the Dead (Tales from the Odyssey  #2),Mary Pope Osborne/Homer/Troy Howell,3.97,0786809299,9.78079E+12,Education
33686,Mediterranean Winter: The Pleasures of History and Landscape in Tunisia  Sicily  Dalmatia and the Peloponnese,Robert D. Kaplan,3.92,0375714332,9.78038E+12,
38827,1599: A Year in the Life of William Shakespeare,James Shapiro,4.09,0571214800,9.78057E+12,History
19382,Candide and Other Stories (World's Classics),Voltaire/Roger Pearson,3.94,0192807269,9.78019E+12,Fiction
30771,Hellsing  Vol. 03 (Hellsing  #3),Kohta Hirano,4.37,1593072023,9.78159E+12,Comics & Graphic Novels
35921,On Basilisk Station (Honor Harrington  #1),David Weber,4.13,1416509372,9.78142E+12,Imaginary wars and battles
21773,Blood Moon Over Britain,Morag McKendrick Pippin,3.44,0843955821,9.78084E+12,
37032,The Risk of Darkness (Simon Serrailler  #3),Susan Hill,3.95,0701179791,9.7807E+12,
37595,El cubo B (Artemis Fowl  #3),Eoin Colfer/Ana Alcaina,4.04,0307343111,9.78031E+12,Antiques & Collectibles
14851,Last Man Standing,David Baldacci,4.04,0330419706,9.78033E+12,
29971,Seven Novels,H.G. Wells,4.14,0706425618,9.78071E+12,Literary Collections
29260,Finding and Exploring Your Spiritual Path: An Exploration of the Pleasures and Perils of Seeking Personal Enlightenment,Ram Dass/Richard Alpert,3.95,0940687569,9.78094E+12,
10206,Sounds  Feelings  Thoughts:  Seventy Poems by Wislawa Szymborska,Wisława Szymborska/Magnus J. Kruyski,4.36,0691013802,9.78069E+12,
23232,The Realm of Possibility,David Levithan,3.93,0375836578,9.78038E+12,
19794,The Echo Maker,Richard Powers,3.38,0374146357,9.78037E+12,
13947,The Golden Key,Melanie Rawn/Kate Elliott/Jennifer Roberson,3.82,0330347764,9.78033E+12,Fiction
32197,1001 Illuminated Initial Letters: 27 Full-Color Plates,Owen    Jones,3.46,0486256073,9.78049E+12,Design
16844,Christopher et son monde  1929-1939,Christopher Isherwood,4.11,2010080874,9.78201E+12,
3687,The Life of Graham Greene  Vol. 1: 1904-1939,Norman Sherry,4.11,0142004200,9.78014E+12,
5360,A Painted House,John Grisham,3.7,0385337930,9.78039E+12,Fiction
15273,The Rough Guide to Australia 7,Margo Daly/David Leffman/Anne Dehne/Chris   Scott,3.93,1843534754,9.78184E+12,
15974,Black Water,Joyce Carol Oates,3.54,0452269865,9.78045E+12,
22322,Spook Country (Blue Ant  #2),William Gibson,3.69,0399154302,9.7804E+12,Fiction
12458,Complete Plays 1920–1931,Eugene O'Neill/Travis Bogard,4.18,0940450496,9.78094E+12,Drama
42308,The Best of Pippi Longstocking (Pippi Longstocking  #1-3),Astrid Lindgren/Tony Ross,4.25,0192753371,9.78019E+12,Juvenile Fiction
34921,The Black Unicorn (Magic Kingdom of Landover #2),Terry Brooks,3.77,0345335287,9.78035E+12,Fiction
16604,Paradise Lost and Paradise Regained,John Milton/Christopher Ricks/Susanne Woods,4.08,0451527925,9.78045E+12,Poetry
53,Guts: The True Stories behind Hatchet and the Brian Books,Gary Paulsen,3.88,0385326505,9.78039E+12,Young Adult Nonfiction
27883,A Sudden Wild Magic,Diana Wynne Jones,3.75,0575601973,9.78058E+12,
33975,Animal E.R.: Extraordinary Stories Hope Healing from 1 World's Leading Veterinary Hospitals,Vicki Constantine Croke/Vicki Constantine Croke,3.95,0525945075,9.78053E+12,
34178,The Visual Arts: A History  Volume 2,Hugh Honour/John Fleming,4,0131551132,9.78013E+12,
17872,Lobsters,Charles Stross/Shandra Marie/Jared Doreck,3.83,1884612466,9.78188E+12,
18637,Use of Weapons,Iain M. Banks,4.18,0553292242,9.78055E+12,
16761,Seven Complete Perry Mason Novels - The Case Of: The Foot-Loose Doll / The Glamorous Ghost / The Long-Legged Models / The Lucky Loser  The Screaming Woman / The Terrified Typist / The Waylaid Wolf,Erle Stanley Gardner,4.01,0517293633,9.78052E+12,
32257,The Sinner (Rizzoli & Isles  #3),Tess Gerritsen,4.13,0553815024,9.78055E+12,Fiction
6221,The Mistress of Husaby (Kristin Lavransdatter  #2),Sigrid Undset,4.15,0394752937,9.78039E+12,Norway
5809,V.,Thomas Pynchon/Carlos Martín Ramírez,3.96,2020418770,9.78202E+12,
4802,Tortilla Flat,John Steinbeck,3.83,0141185112,9.78014E+12,Fiction
7661,Next,Michael Crichton,3.5,0060872985,9.78006E+12,
22483,Social Origins of Dictatorship and Democracy: Lord and Peasant in the Making of the Modern World,Barrington Moore Jr./James C. Scott/Edward Friedman,3.98,0807050733,9.78081E+12,
5587,Power  Faith  and Fantasy: America in the Middle East 1776 to the Present,Michael B. Oren,3.98,0393058263,9.78039E+12,
13632,Museum of Terror  Vol. 3: The Long Hair in the Attic,Junji Ito/伊藤潤二,4.12,1593076398,9.78159E+12,
16919,Prey,Graham Masterton,3.83,0843946334,9.78084E+12,
42604,Men Are Like Waffles  Women Are Like Spaghetti,Bill Farrel/Pam Farrel,3.88,0736904867,9.78074E+12,
7772,Dr. Seuss's Sleep Book,Dr. Seuss,4.17,0394800915,9.78039E+12,
45462,La venganza de opal (Artemis Fowl  #4),Eoin Colfer,4.05,8484412474,9.78848E+12,Juvenile Fiction
30635,C. S. Lewis: Life  Works  and Legacy,Bruce L. Edwards/Diana Pavlac Glyer,4.43,0275991164,9.78028E+12,
1643,El último lector,Ricardo Piglia,4.14,8433968777,9.78843E+12,
5094,The Drawing of the Three (The Dark Tower  #2),Stephen King,4.23,0451210859,9.78045E+12,Fiction
16675,Turing and the Universal Machine: The Making of the Modern Computer,Jon Agar/Jon Turney,3.33,1840462507,9.78184E+12,
12789,Falling Angels (Luc Actar #1),Melissa M. Garcia,4.67,0595377106,9.7806E+12,Fiction
3152,Drina Dances in Italy,Jean Estoril,4.08,0750012633,9.78075E+12,
9806,Our Ancestors: The Cloven Viscount  The Baron in the Trees  The Non-Existent Knight,Italo Calvino,4.27,0330261568,9.78033E+12,
41416,Dark Water (Fog Point  #1),Linda Hall,3.66,1578569540,9.78158E+12,
2257,Secret of the Peaceful Warrior,Dan Millman/Robert D. San Souci/T. Taylor Bruce,4.15,0915811235,9.78092E+12,
42068,King Henry VI  Part 3,William Shakespeare/John D. Cox/Eric Rasmussen,3.76,1903436311,9.7819E+12,
2389,Moby Dick,Herman Melville/William Hootkins,3.5,0143058096,9.78014E+12,Juvenile Fiction
2794,The Crying of Lot 49,Thomas Pynchon,3.69,006091307X,9.78006E+12,Fiction
13634,Tomie 2  富江 Part 2,Junji Ito/伊藤潤二,3.86,1588990850,9.78159E+12,
32226,Horse Heaven,Jane Smiley,3.88,0804119430,9.7808E+12,
28808,The Waterborn (Children of the Changeling  #1),Greg Keyes/J. Gregory Keyes,3.81,0345396707,9.78035E+12,
36681,Drop The Rock: Removing Character Defects - Steps Six and Seven,Bill Pittman/Todd W. Hall/Sara S./Todd W.,4.44,1592851614,9.78159E+12,
35539,The Beatles: The Biography,Bob Spitz,4.15,0316013315,9.78032E+12,
27204,The Gospel According to Luke,Anonymous/Thomas Cahill,4.64,0802136184,9.7808E+12,
25376,The Mystery Method: How to Get Beautiful Women Into Bed,Mystery/Neil Strauss,3.7,0312360118,9.78031E+12,Family & Relationships
22233,Love  Stargirl (Stargirl  #2),Jerry Spinelli,3.82,0375813756,9.78038E+12,Juvenile Fiction
17174,A Yellow Raft in Blue Water,Michael Dorris,3.86,0312421850,9.78031E+12,Fiction
34052,Collected Stories,Rudyard Kipling,4.06,1857151992,9.78186E+12,
4703,The Talking Horse and the Sad Girl and the Village Under the Sea: Poems,Mark Haddon,3.31,0307275698,9.78031E+12,Poetry
13122,Marilyn Monroe: The Biography,Donald Spoto,4.03,0815411839,9.78082E+12,
15073,Portraits of Murder: 47 Short Stories Chosen by the Master of Suspense,Alfred Hitchcock/Don Tothe,3.89,0883657279,9.78088E+12,
6815,American Sign Language The Easy Way,David A. Stewart/Jessalyn Little/Elizabeth     Stewart,3.75,0764134280,9.78076E+12,Language Arts & Disciplines
40912,The Green Pearl (Lyonesse  #2),Jack Vance,4.16,0441303161,9.78044E+12,Fiction
12771,A Kiss Before Dying (Sweet Valley High  #122),Francine Pascal/Kate William,3.67,0553566407,9.78055E+12,
43433,McSweeney's #18,Dave Eggers,3.72,1932416382,9.78193E+12,Humor
12078,Wittgenstein on Rules and Private Language: An Elementary Exposition,Saul A. Kripke,4.01,0674954017,9.78067E+12,
31842,The Undead and Philosophy: Chicken Soup for the Soulless,Richard V. Greene/K. Silem Mohammad,3.7,0812696018,9.78081E+12,
15351,The Return of the Shadow: The History of The Lord of the Rings  Part One (The History of Middle-Earth  #6),J.R.R. Tolkien/Christopher Tolkien,4.03,061808357X,9.78062E+12,Literary Criticism
12822,Cliffs Notes on Wiesel's Night,Maryam Riess,3.4,0822008939,9.78082E+12,
28441,Agapē Agape,William Gaddis/Sven Birkerts/Joseph Tabbi,3.81,0142437638,9.78014E+12,Fiction
36555,Hallucinations: or  The Ill-Fated Peregrinations of Fray Servando,Reinaldo Arenas/Andrew Hurley/Thomas Colchie,4.09,0142000191,9.78014E+12,
10810,Letters of E.B. White,E.B. White/Dorothy Lobrano Guth/Martha White/John Updike,4.13,0060757086,9.78006E+12,Biography & Autobiography
42632,Thirst,Mary Oliver,4.36,0807068969,9.78081E+12,
28372,The Last Days,Raymond Queneau/Barbara Wright/Vivian Kogan,3.8,1564781402,9.78156E+12,Fiction
24956,The Science of the Hitchhiker's Guide to the Galaxy,Michael Hanlon,3.6,0230008909,9.78023E+12,
29081,Big Dog... Little Dog,P.D. Eastman,4.12,0375822976,9.78038E+12,
13173,A Little Prairie House,Laura Ingalls Wilder/Renée Graef,4.19,0064435261,9.78006E+12,Juvenile Fiction
27434,Waterfront: A Walk Around Manhattan,Phillip Lopate,3.71,0385497148,9.78039E+12,Travel
5480,Brave New World and Brave New World Revisited,Aldous Huxley/Christopher Hitchens,4.16,0060535261,9.78006E+12,Young Adult Fiction
28053,As Eve Said to the Serpent: On Landscape  Gender  and Art,Rebecca Solnit,4.09,0820324930,9.78082E+12,Social Science
4540,About the B'nai Bagels,E.L. Konigsburg,3.57,0440400341,9.78044E+12,
29917,The Rising Tide (World War II: 1939-1945  #1),Jeff Shaara,4.11,034546141X,9.78035E+12,HISTORY
11861,City on the Seine: Paris in the Time of Richelieu and Louis XIV  1614-1715,Andrew P. Trout,4.17,0333666380,9.78033E+12,
41092,The Shores of Another Sea (Classics of Modern Science Fiction 3),Chad Oliver/George Zebrowski/Isaac Asimov,3.55,0517551861,9.78052E+12,"Science fiction, American"
24394,Lucie Babbidge's House,Sylvia Cassedy,3.73,038071812X,9.78038E+12,Juvenile Fiction
42916,All Quiet on the Western Front,Erich Maria Remarque,3.97,0449231801,9.78045E+12,Criticism
1488,The Bacchae of Euripides: A Communion Rite,Wole Soyinka,3.86,0393325830,9.78039E+12,Drama
31356,William Faulkner: The Sound and the Fury and as I Lay Dying: Essays  Articles  Reviews,Nicolas Tredell,3.96,023112189X,9.78023E+12,
1489,Orestes and Other Plays,Euripides/James Morwood/Robin Waterfield,4.1,0192832603,9.78019E+12,
2965,The Wit and Wisdom of Mark Twain,Mark Twain,4.2,0486406644,9.78049E+12,Reference
23393,Reunion (Pip & Flinx #8),Alan Dean Foster,3.87,0345418689,9.78035E+12,Fiction
8656,The Life of Sir Arthur Conan Doyle,John Dickson Carr/Daniel Stashower,4.01,0786712341,9.78079E+12,
30529,A Philosophical Enquiry into the Origin of our Ideas of the Sublime and Beautiful,Edmund Burke/Adam Phillips,3.76,0192835807,9.78019E+12,
26950,The Custom of the Country,Edith Wharton/Linda Wagner-Martin,4.03,0143039709,9.78014E+12,
9019,Navajo Long Walk,Nancy M. Armstrong/Paulette Livers-Lambert,3.45,1879373564,9.78188E+12,Education
2921,Chicago Blues: The City and the Music,Mike  Rowe/Ronald Radano,3.92,0306801450,9.78031E+12,
20679,Advanced Statistics Demystified,Larry J. Stephens,4,0071432426,9.78007E+12,Mathematics
29154,Yakitate!! Japan  Volume 7,Takashi Hashiguchi,3.98,1421509245,9.78142E+12,
16555,Mr. Majeika and the School Trip,Humphrey Carpenter,3.85,0141303352,9.78014E+12,Juvenile Fiction
9148,The Illustrated Book of Ballet Stories (with CD),Barbara  Newman/Gill Tomblin/Darcey Bussell,4.18,0789460971,9.78079E+12,Ballets
37300,Broken Prey (Lucas Davenport  #16),John Sandford,4.18,0425204308,9.78043E+12,Fiction
19683,Cybernation (Tom Clancy's Net Force  #6),Steve Perry/Tom Clancy/Steve Pieczenik,3.76,0425182673,9.78043E+12,Fiction
1491,Children of Heracles / Hippolytus / Andromache / Hecuba,Euripides/David Kovacs,4.26,0674995333,9.78067E+12,
6614,Lipstick Jungle,Candace Bushnell,3.41,0786887079,9.78079E+12,Fiction
25053,Hello  Mrs. Piggle-Wiggle (Mrs. Piggle Wiggle  #4),Betty MacDonald/Alexandra Boiger,4.24,0064401499,9.78006E+12,Juvenile Fiction
38302,Empires of the Monsoon: A History of the Indian Ocean and Its Invaders,Richard Seymour Hall,4.39,0006380832,9.78001E+12,Fiction
9073,See No Evil: The True Story of a Ground Soldier in the CIA's War on Terrorism,Robert B. Baer,3.93,140004684X,9.7814E+12,
3914,Sylvia,Leonard Michaels/Diane Johnson,3.86,0374271070,9.78037E+12,Fiction
30069,The Walking Dead  Vol. 3: Safety Behind Bars,Robert Kirkman/Charlie Adlard/Cliff Rathburn,4.3,1582404879,9.78158E+12,Comics & Graphic Novels
12050,A Hundred Camels in the Courtyard,Paul Bowles,3.98,0872860027,9.78087E+12,American literature
3587,Sherlock Holmes: The Unauthorized Biography,Nick Rennison,4.26,0871139472,9.78087E+12,
13737,The Twelve Kingdoms: Sea of Shadow (The Twelve Kingdoms  #1),Fuyumi Ono/小野 不由美/Akihiro Yamada/山田 章博/Elye J. Alexander/Alexander O. Smith,4.2,1598169467,9.7816E+12,Fiction
42377,Gemma Alone (Gemma  #3),Noel Streatfeild,3.61,0440428653,9.78044E+12,
9595,Slapstick  or Lonesome No More!,Kurt Vonnegut Jr.,3.87,0385334230,9.78039E+12,
31628,James and the Giant Peach,Roald Dahl/Nancy Ekholm Burkert,4.01,0553150324,9.78055E+12,
33308,There's No Toilet Paper . . . on the Road Less Traveled: The Best of Travel Humor and Misadventure,Doug Lansky,3.38,1932361278,9.78193E+12,
37345,Wicked Dreams,Kingdome 19,3.67,3861878755,9.78386E+12,Photography of men
34658,Shattered Sword: The Untold Story of the Battle of Midway,Jonathan Parshall/Anthony Tully,4.42,1574889230,9.78157E+12,History
43438,McSweeney's #11,Dave Eggers/A.G. Pasquella/Brent Hoff/Stephen Elliott/Daphne Beal/Denis Johnson/Tom Bissell/Sean Warren/Samantha Hunt/Robert Olmstead/T. Coraghessan Boyle/David Means/Doug Dorst/Joyce Carol Oates/McSweeney's Publishing,3.94,1932416013,9.78193E+12,Humor
40625,Europe and the People Without History,Eric R. Wolf,4.12,0520048989,9.78052E+12,
30355,Love Beyond Reason,Rachel Ryan/Sandra Brown,3.64,0446616834,9.78045E+12,Fiction
28272,Legacy of the Darksword (The Darksword  #4),Margaret Weis/Tracy Hickman,3.47,055357812X,9.78055E+12,Fantasy fiction
16213,The Hot Zone: The Terrifying True Story of the Origins of the Ebola Virus,Richard Preston,4.12,0385495226,9.78039E+12,Health & Fitness
5595,Problems of the Self: Philosophical Papers 1956 1972,Bernard Williams,3.97,0521290600,9.78052E+12,
5008,El azul de la virgen,Tracy Chevalier,3.66,8466313591,9.78847E+12,Fiction
2228,The Last Dance: Encountering Death and Dying,Lynne Ann DeSpelder/Albert Lee Strickland,3.77,0072920963,9.78007E+12,
8500,The Second Sex,Simone de Beauvoir/H.M. Parshley,4.12,009974421X,9.7801E+12,
14318,Chronicles: Volume One,Bob Dylan,3.98,0743244583,9.78074E+12,
31802,South Park and Philosophy: You Know  I Learned Something Today,Robert Arp,3.43,1405161604,9.78141E+12,
14616,The Leatherstocking Tales  Vol. 1: The Pioneers / The Last of the Mohicans / The Prairie,James Fenimore Cooper/Blake Nevius,3.88,0940450208,9.78094E+12,
34963,Star Wars. Episode I - Die dunkle Bedrohung,Terry Brooks/George Lucas/Regina Winter,3.57,3442352436,9.78344E+12,
14975,Labyrinth (Languedoc  #1),Kate Mosse,3.57,0425213978,9.78043E+12,Fiction
9216,Ballet and Modern Dance,Susan Au,3.74,0500203520,9.7805E+12,Performing Arts
32281,Demonic Males: Apes and the Origins of Human Violence,Richard W. Wrangham/Dale Peterson,4.03,0395877431,9.7804E+12,
21552,The Spenser Collection: Volume I (Spenser  #27-28),Robert B. Parker/Joe Mantegna,4.26,0739340190,9.78074E+12,Philosophy
18930,The Uses of Literature,Italo Calvino/Patrick Creagh,4.07,0156932504,9.78016E+12,Architecture
11548,Mine,Robert R. McCammon,3.9,0671739441,9.78067E+12,
27194,Pictures Showing What Happens on Each Page of Thomas Pynchon's Novel Gravity's Rainbow,Zak Smith/Steve Erickson,4.1,0977312798,9.78098E+12,
18395,The Wings of Merlin,T.A. Barron,4.11,0441010245,9.78044E+12,
31,The Lord of the Rings (The Lord of the Rings  #1-3),J.R.R. Tolkien,4.5,0618517650,9.78062E+12,Fiction
44595,Wide Sargasso Sea,Jean Rhys,3.58,0140818030,9.78014E+12,Fiction
9350,The Virtues of Aging,Jimmy Carter,3.55,0345425928,9.78035E+12,
16468,The Phantom Tollbooth,Norton Juster/Jules Feiffer,4.21,0375806709,9.78038E+12,
44399,Too Busy Not to Pray: Slowing Down to Be With God,Bill Hybels/Lavonne Neff,4.16,0830819711,9.78083E+12,
1771,Object-Oriented Programming in C++,Richard Johnsonbaugh/Martin Kalin,4.07,0130158852,9.78013E+12,
17961,Collected Fictions,Jorge Luis Borges/Andrew Hurley,4.58,0140286802,9.78014E+12,Poetry
36956,Grizzwold,Syd Hoff,3.82,0064440575,9.78006E+12,Juvenile Fiction
28227,Checkpoint,Nicholson Baker,2.88,1400079853,9.7814E+12,Fiction
25295,The Legend of Huma (Dragonlance: Heroes  #1),Richard A. Knaak,4.03,078693137X,9.78079E+12,Fiction
11031,The Flanders Panel,Arturo Pérez-Reverte/Margaret Jull Costa,3.79,0156029588,9.78016E+12,
7815,The Year of Magical Thinking,Joan Didion,3.89,1400078431,9.7814E+12,
29791,The Ministry of Special Cases,Nathan Englander,3.66,0375404937,9.78038E+12,Fiction
6857,Three Plums In One (Stephanie Plum  #1-3),Janet Evanovich,4.31,0743216393,9.78074E+12,Fiction
19610,Chilly Scenes of Winter,Ann Beattie,3.91,0679732349,9.78068E+12,
25109,Common Ground: A Turbulent Decade in the Lives of Three American Families,J. Anthony Lukas,4.28,0394746163,9.78039E+12,Chicago (Ill.)
21581,Chance (Spenser  #23),Robert B. Parker/Burt Reynolds,4.1,0787107123,9.78079E+12,Fiction
944,Jungle Love,Margaret Johnson/Philip Prowse,3.41,0521750849,9.78052E+12,Fiction
40296,Galapagos: World's End,William Beebe,3.84,0486256421,9.78049E+12,
31619,Trip To The North Pole (The Polar Express: The Movie),Ellen Weiss/Doyle Partners/Robert Zemeckis,3.62,061847790X,9.78062E+12,
7697,Persian Mirrors: The Elusive Face of Iran,Elaine Sciolino,3.82,0743284798,9.78074E+12,History
22786,犬夜叉 7,Rumiko Takahashi,4.27,4091252079,9.78409E+12,
17548,An Old-Fashioned Thanksgiving,Louisa May Alcott/James Bernardin,3.71,0060004509,9.78006E+12,Fiction
38340,Syntactic Structures,Noam Chomsky/David W. Lightfoot,3.84,3110172798,9.78311E+12,Language Arts & Disciplines
33512,One Thousand White Women: The Journals of May Dodd (One Thousand White Women  #1),Jim Fergus,3.88,0312199430,9.78031E+12,
12937,See You Around  Sam! (Sam Krupnik  #3),Lois Lowry/Diane deGroat,3.71,0440414008,9.78044E+12,Young Adult Fiction
3733,Redburn / White-Jacket / Moby-Dick,Herman Melville/G. Thomas Tanselle,4.2,0940450097,9.78094E+12,Sperm whale
38673,Peter Pan in Kensington Gardens / Peter and Wendy,J.M. Barrie/Peter Hollindale,4.06,0192839292,9.78019E+12,"Kensington Gardens (London, England)"
33559,Bloodlines,Richard Matheson/Mark Dawidziak,4.02,1887368884,9.78189E+12,Performing Arts
